Player ID,Age Group,Gender,Skill Level,Errores No Forzados,Winners,Puntos Ganados de Remate,% Primeros Saques,% Segundos Saques,% Puntos Ganados con Primeros Saques,% Puntos Ganados con Segundos Saques,Dobles Faltas,Km Recorridos,Zonas de Calor,Puntos de Break,Puntos de Oro,Errores No Forzados de Fondo de Pista,Errores No Forzados en Red,% de Restos Fallados,PosiciÃ³n Preferente
1,46-60,Female,Advanced,48,16,13,0,79,20,86,7,2,C,13,32,18,19,6,D
2,>60,Female,Beginner,29,25,4,88,71,71,92,8,4,B,6,35,47,20,19,R
3,31-45,Female,Advanced,44,28,10,65,55,20,4,9,0,B,14,32,21,9,23,D
4,>60,Female,Beginner,5,25,15,29,88,10,41,1,4,C,15,30,48,8,23,R
5,>60,Female,Advanced,16,17,1,2,49,37,6,8,3,A,18,20,14,4,22,D
6,18-30,Male,Advanced,44,21,7,20,11,71,41,7,2,C,5,26,0,7,25,R
7,31-45,Female,Intermediate,50,5,10,88,88,87,35,6,2,B,0,26,1,10,24,D
8,31-45,Male,Beginner,18,16,17,83,80,34,26,2,3,A,11,7,7,0,3,R
9,31-45,Female,Intermediate,41,22,2,48,59,13,57,1,0,C,17,36,21,20,6,D
10,>60,Male,Beginner,34,23,25,85,25,13,45,6,3,A,15,31,24,9,9,D
11,46-60,Female,Advanced,45,17,0,84,77,9,65,4,0,A,11,25,1,0,25,R
12,31-45,Male,Advanced,25,7,10,61,40,11,24,5,1,B,12,1,50,6,14,D
13,>60,Female,Beginner,50,8,15,96,35,37,72,3,2,A,7,11,8,13,11,D
14,18-30,Male,Intermediate,4,5,17,37,22,33,26,1,0,C,0,21,8,4,0,D
15,46-60,Female,Intermediate,28,4,15,14,42,40,0,8,4,A,6,16,12,16,19,D
16,18-30,Male,Intermediate,36,11,22,51,5,9,86,2,4,A,14,6,5,20,17,R
17,46-60,Female,Intermediate,19,24,9,78,68,16,73,6,2,C,12,3,29,5,24,R
18,>60,Male,Advanced,48,28,17,45,42,16,41,7,3,B,12,36,14,15,15,D
19,<18,Male,Advanced,20,27,5,24,24,66,51,1,3,B,8,31,50,10,4,R
20,46-60,Female,Advanced,9,10,18,20,17,61,24,5,0,C,14,10,14,9,18,R
21,18-30,Female,Advanced,4,24,3,87,61,94,53,10,3,C,3,0,49,14,3,R
22,>60,Male,Advanced,35,0,12,4,12,0,66,7,2,B,12,24,6,6,5,R
23,46-60,Female,Intermediate,5,10,23,69,42,11,5,6,0,A,11,23,10,1,25,R
24,<18,Male,Intermediate,25,18,13,46,77,3,57,10,1,C,4,16,39,11,16,D
25,<18,Male,Intermediate,3,8,2,86,27,41,69,2,3,A,6,7,37,18,6,R
26,31-45,Male,Intermediate,38,26,9,67,17,12,52,0,3,C,7,26,39,11,23,D
27,31-45,Female,Advanced,38,1,5,90,58,97,65,5,0,B,4,17,1,15,22,R
28,18-30,Male,Advanced,49,11,0,17,59,84,57,7,4,A,8,26,50,5,6,D
29,46-60,Male,Advanced,34,3,22,20,62,85,81,5,3,A,13,21,47,2,8,D
30,46-60,Female,Beginner,0,3,23,91,56,3,86,4,2,C,11,15,38,1,12,D
31,31-45,Female,Intermediate,23,17,13,98,91,81,1,10,3,A,3,1,9,19,19,R
32,46-60,Female,Intermediate,35,14,7,85,50,68,75,7,1,C,7,4,43,4,13,R
33,46-60,Female,Advanced,5,18,18,22,55,18,21,1,3,B,16,17,16,10,15,D
34,<18,Male,Intermediate,40,12,13,63,26,1,36,0,4,A,7,2,6,2,22,D
35,31-45,Male,Intermediate,45,18,9,66,31,11,19,0,3,C,0,26,39,2,8,R
36,>60,Male,Advanced,43,16,16,39,8,80,23,3,0,A,1,16,38,4,14,R
37,31-45,Male,Beginner,30,5,8,9,95,73,83,5,3,C,3,15,3,10,4,D
38,>60,Female,Beginner,19,15,5,88,83,97,64,8,4,C,0,5,34,2,17,R
39,<18,Male,Beginner,23,23,10,51,91,5,64,0,0,C,6,6,50,12,30,R
40,18-30,Male,Advanced,24,11,24,71,96,7,80,0,2,B,0,13,46,20,20,R
41,46-60,Female,Intermediate,35,18,6,74,67,50,0,4,0,A,8,14,35,7,19,R
42,<18,Male,Advanced,20,4,16,60,45,10,93,9,1,B,2,32,30,19,7,R
43,46-60,Male,Advanced,29,16,0,63,97,62,2,4,0,C,11,26,24,9,14,R
44,18-30,Male,Intermediate,23,25,21,4,66,56,45,4,2,C,18,28,40,1,20,D
45,18-30,Male,Beginner,43,22,4,52,25,11,54,9,3,B,14,36,12,3,24,D
46,<18,Male,Beginner,41,25,8,54,7,72,74,5,0,B,15,4,17,17,8,D
47,18-30,Male,Advanced,29,28,17,36,5,1,87,7,0,A,9,28,20,18,18,D
48,>60,Female,Beginner,21,0,23,55,79,7,85,2,0,C,5,31,47,3,28,D
49,18-30,Female,Advanced,27,27,20,58,23,10,63,8,0,B,16,5,0,19,25,D
50,46-60,Male,Advanced,6,26,1,92,47,52,44,0,2,C,16,1,35,8,30,R
51,46-60,Male,Intermediate,34,24,25,68,93,99,25,3,4,C,18,5,49,15,21,R
52,46-60,Female,Intermediate,27,23,10,72,44,9,76,8,4,A,17,3,7,5,5,D
53,46-60,Male,Intermediate,13,22,5,58,12,84,64,7,0,A,10,28,47,3,3,D
54,>60,Male,Advanced,9,9,25,1,68,83,23,9,2,A,6,24,20,8,10,D
55,31-45,Male,Intermediate,15,14,7,64,24,7,73,8,2,B,9,8,42,12,28,R
56,<18,Female,Beginner,15,22,3,59,19,35,34,0,0,C,6,2,20,8,9,R
57,46-60,Male,Beginner,30,20,17,50,81,92,23,8,1,B,4,25,26,5,2,R
58,18-30,Female,Advanced,41,20,10,29,81,75,27,2,0,B,11,26,18,20,0,R
59,46-60,Male,Advanced,24,10,4,10,65,13,99,10,1,A,15,35,22,18,11,D
60,18-30,Female,Intermediate,12,12,14,91,73,53,79,9,0,C,17,31,50,13,22,D
61,18-30,Female,Advanced,5,4,17,75,44,84,15,8,1,C,2,0,49,20,14,D
62,46-60,Male,Advanced,43,0,1,38,46,85,58,0,1,A,14,15,50,14,14,D
63,>60,Female,Beginner,8,23,21,89,62,20,80,0,0,C,4,10,42,2,20,R
64,18-30,Male,Beginner,44,11,10,76,75,49,53,8,1,A,12,25,34,4,13,R
65,18-30,Female,Intermediate,35,10,25,71,76,93,78,10,3,B,18,0,39,20,25,D
66,46-60,Male,Advanced,42,16,24,62,54,38,15,5,4,B,11,25,50,17,30,R
67,18-30,Male,Advanced,19,3,12,63,74,19,14,3,2,A,4,27,41,13,6,R
68,18-30,Female,Beginner,17,14,3,60,18,87,97,6,1,B,5,8,47,15,16,R
69,46-60,Male,Advanced,42,24,21,53,34,86,10,4,1,B,6,21,4,13,23,R
70,46-60,Male,Beginner,20,29,6,91,52,6,64,9,2,A,9,7,40,8,18,D
71,<18,Female,Intermediate,3,8,10,93,25,8,78,6,1,B,15,26,7,14,6,R
72,>60,Male,Beginner,49,20,21,72,13,0,89,7,2,C,7,18,10,6,27,D
73,>60,Male,Advanced,32,19,23,94,44,25,67,7,0,B,8,24,15,13,2,R
74,18-30,Female,Intermediate,26,18,3,57,43,37,42,0,3,A,3,20,38,5,29,R
75,>60,Female,Beginner,6,18,14,84,87,37,68,7,3,C,7,23,46,20,2,D
76,18-30,Male,Beginner,5,11,0,55,64,60,98,5,4,C,6,23,23,14,25,D
77,<18,Male,Intermediate,14,4,22,33,50,43,12,3,1,B,14,18,20,19,24,R
78,46-60,Female,Intermediate,17,9,2,30,42,85,9,7,4,C,2,1,22,7,28,R
79,46-60,Female,Beginner,31,16,13,51,85,43,74,2,0,A,16,13,48,1,17,D
80,46-60,Male,Advanced,10,4,5,88,22,73,81,3,3,C,10,31,37,7,29,R
81,>60,Female,Beginner,19,21,17,75,55,61,97,5,0,B,8,31,46,0,19,R
82,<18,Male,Intermediate,23,15,24,0,18,5,40,10,0,B,4,27,7,16,21,D
83,>60,Male,Beginner,14,6,0,54,81,16,49,6,1,C,9,12,6,18,13,R
84,>60,Male,Intermediate,47,27,5,21,75,50,86,3,0,A,14,11,1,4,2,R
85,<18,Male,Intermediate,6,8,5,39,54,37,70,3,3,A,13,7,29,19,27,R
86,<18,Male,Advanced,20,2,20,100,91,23,58,6,4,B,3,14,12,15,25,R
87,<18,Female,Intermediate,41,14,15,0,91,50,38,5,3,B,1,25,22,6,29,R
88,<18,Female,Intermediate,25,15,4,64,59,9,2,10,1,A,11,11,28,6,25,D
89,46-60,Female,Advanced,43,17,16,62,58,71,75,7,3,C,0,26,37,17,6,R
90,31-45,Female,Intermediate,13,13,9,53,32,20,6,0,2,C,4,17,36,17,6,D
91,31-45,Male,Advanced,36,2,20,41,18,69,48,9,4,C,5,35,19,1,30,D
92,<18,Male,Advanced,20,11,17,20,27,84,25,10,2,C,10,26,32,14,4,R
93,31-45,Male,Intermediate,17,8,6,78,51,56,32,6,2,A,7,8,28,13,2,D
94,31-45,Male,Intermediate,4,27,2,80,48,38,100,6,1,B,6,0,49,17,17,R
95,<18,Female,Beginner,2,6,12,21,36,87,47,10,0,B,3,6,14,8,14,D
96,31-45,Male,Advanced,22,8,14,37,25,32,78,6,2,C,5,25,22,13,30,D
97,>60,Male,Beginner,25,12,19,98,98,58,1,6,3,A,15,6,41,4,19,D
98,18-30,Female,Intermediate,36,17,18,79,97,17,70,9,0,A,14,6,2,10,13,R
99,18-30,Female,Beginner,23,4,2,7,98,55,31,9,3,C,13,7,36,7,30,D
100,<18,Female,Advanced,48,12,3,61,39,91,3,7,3,C,11,15,28,4,28,D
101,46-60,Female,Beginner,18,3,4,46,79,56,19,8,0,C,11,2,44,10,3,D
102,<18,Male,Advanced,50,30,0,16,37,95,35,8,0,B,15,9,7,4,26,R
103,46-60,Male,Intermediate,24,1,3,16,76,75,31,1,3,C,14,6,21,16,23,R
104,18-30,Female,Intermediate,20,15,11,89,86,47,27,6,1,B,12,20,28,3,7,D
105,<18,Male,Advanced,11,8,23,12,53,41,76,6,4,A,10,36,1,14,28,D
106,>60,Male,Intermediate,40,8,9,16,21,26,0,3,4,A,16,30,40,18,20,D
107,31-45,Male,Intermediate,32,5,22,37,15,73,59,8,1,B,14,22,48,1,12,D
108,46-60,Female,Intermediate,49,10,24,80,27,51,55,7,0,B,13,26,49,16,21,R
109,31-45,Male,Intermediate,3,21,20,77,34,41,34,0,3,B,9,21,44,11,7,R
110,31-45,Female,Advanced,41,23,25,44,59,31,29,1,4,B,11,26,0,16,14,R
111,<18,Male,Beginner,6,21,19,5,44,25,53,1,3,C,15,3,43,9,16,D
112,31-45,Male,Beginner,21,0,23,34,45,24,35,10,1,A,14,23,19,17,4,R
113,>60,Male,Intermediate,32,3,24,13,71,74,54,7,3,C,9,22,20,18,19,D
114,31-45,Female,Beginner,16,12,12,71,54,22,88,0,1,B,3,18,36,17,3,D
115,<18,Male,Beginner,23,22,22,60,85,97,79,3,0,C,8,2,7,12,10,D
116,>60,Female,Intermediate,33,12,13,14,84,56,57,9,1,C,8,26,26,13,17,R
117,18-30,Female,Intermediate,27,12,22,53,25,51,82,4,1,A,10,2,46,15,9,D
118,31-45,Female,Beginner,42,1,4,26,84,86,64,8,4,C,10,27,34,17,16,R
119,<18,Male,Advanced,40,8,3,12,24,92,68,6,3,A,6,16,5,17,29,D
120,18-30,Male,Intermediate,38,23,13,30,64,30,50,7,4,B,9,30,44,15,14,R
121,18-30,Male,Advanced,21,7,9,34,5,63,21,10,2,C,3,9,43,16,5,D
122,46-60,Male,Beginner,48,6,16,59,22,70,87,8,1,B,4,21,18,6,22,R
123,>60,Female,Intermediate,16,3,9,5,63,32,100,6,2,A,4,29,17,11,20,D
124,31-45,Female,Advanced,33,17,25,68,86,84,52,4,4,B,10,20,0,1,15,R
125,<18,Female,Intermediate,5,2,6,85,42,1,99,4,3,B,8,35,24,9,14,D
126,46-60,Male,Beginner,45,27,15,57,22,17,35,9,4,A,15,22,26,4,7,D
127,>60,Female,Advanced,5,5,0,48,95,46,67,10,3,B,8,11,6,20,8,D
128,46-60,Male,Beginner,33,11,16,22,29,32,35,5,3,B,3,24,43,2,10,R
129,>60,Female,Beginner,0,11,20,88,76,100,51,4,0,B,1,19,41,18,26,D
130,>60,Male,Intermediate,9,20,8,33,17,97,52,10,1,C,13,6,28,12,1,D
131,31-45,Male,Advanced,20,27,5,25,86,83,81,8,4,B,2,28,30,11,26,D
132,>60,Female,Beginner,4,7,18,46,78,34,49,2,3,A,17,28,43,2,12,R
133,46-60,Female,Beginner,1,21,12,4,96,50,79,2,4,C,5,12,42,5,3,D
134,>60,Female,Advanced,21,21,2,89,20,17,40,6,4,C,10,2,35,13,26,D
135,31-45,Female,Beginner,47,0,6,19,56,87,17,6,3,A,17,1,18,3,8,R
136,31-45,Male,Beginner,1,3,21,5,22,71,21,5,2,B,11,15,5,12,4,D
137,46-60,Female,Advanced,9,20,8,69,90,29,65,2,1,C,4,29,24,18,18,R
138,18-30,Female,Advanced,33,27,21,58,44,43,20,6,1,C,8,5,30,17,21,D
139,18-30,Female,Advanced,15,10,4,63,43,52,99,4,0,C,17,6,8,2,30,R
140,>60,Male,Advanced,47,2,9,17,81,9,43,6,0,B,18,4,19,19,2,R
141,<18,Male,Intermediate,50,12,22,3,87,86,46,1,0,C,2,6,9,5,29,R
142,>60,Female,Advanced,38,24,16,16,46,51,38,5,1,A,8,33,36,15,20,D
143,46-60,Male,Intermediate,21,16,11,13,39,48,28,7,2,B,3,31,26,19,2,D
144,46-60,Female,Intermediate,11,21,22,77,50,10,53,0,1,A,16,12,12,2,5,R
145,46-60,Male,Intermediate,23,21,15,12,41,65,89,3,1,A,16,29,40,11,27,D
146,46-60,Male,Beginner,46,9,2,6,6,57,84,10,1,C,1,24,1,18,9,D
147,46-60,Male,Intermediate,39,20,24,43,49,89,16,0,1,C,8,20,49,18,4,R
148,31-45,Male,Intermediate,37,11,21,14,47,35,79,0,2,C,8,20,20,3,29,R
149,18-30,Female,Beginner,9,14,8,18,83,32,59,9,0,A,4,27,32,0,24,R
150,46-60,Female,Beginner,34,20,14,62,90,46,30,10,4,B,14,19,23,1,2,R
151,<18,Female,Beginner,50,9,4,34,5,12,72,7,0,C,14,33,43,12,21,D
152,<18,Male,Advanced,48,13,22,80,90,39,94,6,0,C,2,4,41,12,23,D
153,<18,Female,Beginner,31,12,12,34,8,88,77,9,4,A,18,17,33,1,6,D
154,<18,Female,Beginner,6,4,13,18,56,67,48,0,1,B,2,10,8,18,21,D
155,31-45,Female,Intermediate,20,5,19,19,30,41,100,10,2,A,5,16,1,15,29,D
156,<18,Male,Beginner,19,23,14,99,20,18,1,1,2,C,3,21,29,11,30,D
157,46-60,Male,Advanced,25,1,15,34,89,81,47,3,0,A,12,36,21,0,17,R
158,>60,Male,Beginner,3,21,22,31,39,100,13,0,4,C,12,19,45,8,30,D
159,<18,Female,Advanced,45,16,12,47,44,93,58,2,3,B,10,5,10,16,22,D
160,31-45,Female,Beginner,21,3,16,43,76,18,96,7,1,A,4,33,42,9,7,D
161,31-45,Female,Beginner,14,13,22,23,48,57,98,7,0,C,0,13,16,17,0,R
162,<18,Male,Beginner,39,9,7,60,86,22,57,7,2,C,8,22,35,18,30,R
163,>60,Male,Beginner,20,2,20,16,19,53,57,5,4,C,16,19,12,6,24,D
164,<18,Female,Advanced,14,24,1,70,100,79,50,5,4,C,0,12,6,18,3,R
165,31-45,Male,Advanced,21,2,4,49,91,64,83,4,0,A,2,31,15,14,23,R
166,18-30,Male,Intermediate,27,14,5,64,16,11,1,8,3,C,14,25,32,8,30,D
167,46-60,Male,Advanced,13,5,11,98,27,23,40,3,2,A,9,13,44,9,25,D
168,31-45,Male,Beginner,26,16,17,31,40,33,82,9,0,C,7,35,0,19,6,D
169,<18,Female,Intermediate,40,11,21,35,65,52,100,6,3,A,11,7,10,19,13,R
170,46-60,Male,Intermediate,39,21,21,12,24,7,81,0,4,A,14,21,5,3,12,R
171,<18,Male,Intermediate,27,19,0,69,57,17,15,8,1,C,8,21,19,5,9,D
172,<18,Male,Beginner,25,23,16,57,40,56,3,6,2,C,9,15,34,3,22,R
173,18-30,Male,Advanced,48,28,10,13,5,4,11,9,2,C,8,26,43,4,17,R
174,46-60,Female,Beginner,1,10,9,36,74,25,28,8,3,C,14,9,36,8,0,R
175,46-60,Female,Intermediate,24,24,18,78,37,29,6,6,0,B,0,24,40,11,3,D
176,18-30,Male,Beginner,2,3,13,67,5,53,13,1,4,C,1,30,25,7,27,D
177,31-45,Male,Beginner,7,25,25,39,44,12,11,5,3,C,18,20,11,20,15,D
178,<18,Male,Advanced,43,27,9,58,74,82,98,9,1,C,13,26,29,4,15,D
179,>60,Male,Advanced,32,25,14,79,13,28,4,10,1,A,7,16,27,10,17,D
180,<18,Male,Intermediate,41,5,18,91,65,2,80,3,1,C,5,32,26,10,7,R
181,<18,Male,Beginner,34,0,3,15,39,89,31,2,3,A,11,30,41,12,9,R
182,31-45,Female,Beginner,5,19,1,61,2,57,73,1,4,A,14,25,18,13,15,R
183,<18,Male,Advanced,38,22,8,3,98,75,42,5,2,A,13,20,4,7,22,R
184,18-30,Female,Beginner,22,27,9,44,96,1,80,7,0,A,0,35,4,17,23,R
185,18-30,Female,Beginner,24,15,10,89,23,74,68,5,2,B,10,0,40,18,10,R
186,46-60,Male,Beginner,49,14,13,27,18,27,44,8,4,C,2,3,26,11,5,D
187,>60,Female,Advanced,42,16,6,95,17,81,8,4,2,A,18,3,27,11,0,D
188,<18,Female,Intermediate,18,7,22,65,63,76,48,1,3,C,17,25,25,17,29,R
189,<18,Female,Intermediate,4,27,14,30,87,100,32,7,1,A,1,3,26,9,28,D
190,31-45,Female,Beginner,50,25,21,2,34,85,99,8,4,B,6,8,48,6,28,R
191,18-30,Female,Intermediate,10,11,18,7,61,75,99,9,4,A,7,29,41,17,11,R
192,>60,Female,Advanced,11,26,21,23,0,1,17,3,2,C,18,3,20,11,24,D
193,46-60,Male,Advanced,9,21,14,14,99,100,8,5,3,C,14,4,0,13,5,D
194,18-30,Female,Intermediate,7,20,23,42,24,6,61,10,2,B,9,22,27,14,27,R
195,46-60,Female,Intermediate,23,9,7,30,44,25,56,9,2,C,0,15,47,15,12,D
196,31-45,Female,Beginner,27,26,10,72,48,89,28,7,4,C,5,21,14,1,25,R
197,31-45,Male,Intermediate,40,14,8,44,97,87,77,8,2,A,12,36,16,17,16,R
198,<18,Female,Beginner,35,29,14,65,88,75,24,4,1,C,13,7,25,11,0,R
199,>60,Male,Beginner,36,8,0,7,15,15,14,5,2,A,2,32,19,15,7,R
200,46-60,Female,Advanced,20,1,0,70,97,22,5,10,1,B,10,15,24,12,21,R
201,18-30,Male,Advanced,7,4,18,56,92,39,41,3,4,C,2,4,12,19,7,D
202,31-45,Male,Advanced,8,5,2,79,18,59,28,4,3,A,18,15,32,16,23,R
203,<18,Female,Advanced,46,6,9,98,22,72,78,6,1,C,9,6,24,17,30,D
204,<18,Female,Intermediate,14,20,7,29,82,31,92,8,3,A,14,0,7,2,10,R
205,46-60,Male,Advanced,47,24,14,73,24,14,3,9,3,B,10,8,4,9,13,D
206,31-45,Female,Intermediate,45,0,9,17,15,100,81,10,1,A,14,17,5,0,23,R
207,>60,Male,Advanced,39,22,0,68,53,12,56,5,4,C,12,2,22,5,9,D
208,31-45,Male,Intermediate,17,25,17,92,72,4,48,5,0,A,4,23,29,2,14,R
209,46-60,Male,Beginner,41,6,1,38,0,74,43,7,3,C,3,27,13,18,6,R
210,46-60,Male,Intermediate,19,19,18,59,41,73,79,10,3,B,12,9,22,3,6,D
211,31-45,Male,Intermediate,5,24,12,97,18,51,74,3,4,A,8,8,10,19,9,D
212,46-60,Female,Advanced,11,29,21,42,96,76,13,2,4,C,16,12,30,2,3,D
213,31-45,Male,Intermediate,1,11,0,44,33,40,2,6,2,C,1,34,5,7,24,D
214,18-30,Male,Beginner,6,15,1,22,79,52,61,4,4,C,4,22,10,7,27,D
215,31-45,Female,Beginner,15,15,15,68,54,49,63,1,3,A,15,16,12,6,17,D
216,31-45,Male,Advanced,2,10,14,93,17,14,44,1,1,A,6,6,11,1,26,R
217,46-60,Female,Beginner,44,20,12,5,33,6,81,10,0,A,0,15,1,20,24,R
218,46-60,Female,Intermediate,2,3,15,55,88,39,57,5,2,B,11,35,34,5,9,R
219,<18,Female,Beginner,26,12,16,3,44,27,19,7,1,C,10,19,35,15,18,D
220,<18,Male,Advanced,49,6,20,92,5,31,57,0,0,C,11,23,16,9,13,D
221,18-30,Male,Intermediate,42,3,6,22,20,98,88,10,0,B,18,4,27,3,12,D
222,<18,Male,Advanced,39,14,23,5,69,14,56,5,0,B,11,5,27,12,14,R
223,31-45,Female,Intermediate,37,18,25,31,95,99,76,1,1,A,11,27,21,9,15,D
224,46-60,Male,Beginner,32,8,16,17,47,84,67,1,2,A,13,4,37,20,1,R
225,<18,Female,Advanced,27,10,6,14,38,69,77,6,2,A,1,1,6,13,28,D
226,<18,Male,Advanced,0,7,12,39,30,64,96,9,0,A,1,20,14,8,3,D
227,18-30,Female,Intermediate,7,0,4,95,9,3,91,0,1,A,3,36,31,10,20,D
228,18-30,Male,Advanced,36,22,25,72,29,10,51,5,0,A,15,17,10,17,17,R
229,31-45,Male,Intermediate,31,24,16,100,17,25,36,6,4,B,9,11,23,10,28,D
230,46-60,Male,Intermediate,47,23,2,73,59,60,7,7,2,B,12,16,2,16,30,R
231,18-30,Female,Intermediate,42,7,6,83,87,36,43,6,3,B,1,36,29,1,16,D
232,<18,Female,Intermediate,36,12,25,5,72,22,97,5,0,C,2,14,5,2,9,D
233,46-60,Male,Beginner,3,21,16,62,94,92,4,8,4,C,18,6,1,10,26,D
234,46-60,Male,Intermediate,29,26,6,66,14,84,68,2,2,A,5,13,13,17,20,D
235,<18,Female,Advanced,5,3,20,10,3,90,30,10,1,B,18,0,40,2,8,R
236,18-30,Female,Beginner,45,7,0,42,62,39,44,5,2,C,18,2,17,14,14,D
237,<18,Female,Advanced,18,2,16,16,39,76,8,3,1,C,7,36,50,10,27,R
238,46-60,Male,Beginner,31,28,16,95,8,22,31,1,1,B,13,30,43,10,11,D
239,>60,Female,Intermediate,8,8,10,3,8,15,32,0,0,C,9,12,30,19,30,D
240,>60,Male,Beginner,11,28,24,62,25,93,66,0,0,C,2,17,12,10,20,D
241,31-45,Female,Beginner,10,1,2,67,3,60,29,10,2,B,5,16,25,18,27,R
242,<18,Male,Advanced,45,1,14,80,80,67,75,9,4,C,14,16,43,0,26,D
243,<18,Female,Advanced,15,27,20,40,15,79,28,2,2,B,17,10,11,4,25,R
244,31-45,Female,Intermediate,0,12,10,82,14,30,2,3,3,C,13,19,17,9,8,R
245,31-45,Female,Beginner,44,14,25,4,98,52,89,1,1,B,18,9,8,9,13,D
246,31-45,Female,Beginner,20,27,15,31,51,24,56,10,1,C,9,28,48,13,12,R
247,46-60,Female,Beginner,29,22,24,85,68,43,29,10,0,C,14,33,20,1,27,D
248,<18,Male,Intermediate,12,11,21,69,4,11,8,10,4,B,3,16,47,3,25,R
249,46-60,Female,Intermediate,33,25,8,34,19,89,25,0,0,C,1,12,48,1,5,R
250,31-45,Female,Intermediate,3,3,23,21,78,100,1,3,3,B,2,26,39,17,18,R
251,<18,Female,Intermediate,27,25,23,64,17,96,61,6,2,B,6,25,42,12,3,R
252,46-60,Male,Intermediate,37,7,0,83,1,91,2,9,2,C,15,27,23,18,19,D
253,46-60,Female,Advanced,30,8,24,21,92,8,45,10,4,A,9,12,33,4,16,R
254,31-45,Male,Beginner,26,22,21,10,12,11,67,5,0,C,18,11,7,19,18,D
255,<18,Female,Beginner,4,4,15,76,3,68,24,5,0,A,16,27,43,1,2,R
256,31-45,Female,Beginner,24,23,8,2,41,53,50,10,3,A,18,1,32,10,28,D
257,<18,Male,Beginner,2,19,18,8,73,53,12,8,2,C,4,36,22,17,13,D
258,>60,Female,Beginner,32,17,11,59,60,27,43,1,0,A,12,33,12,5,16,R
259,18-30,Male,Beginner,3,10,18,75,94,55,34,3,4,B,12,22,48,9,12,R
260,18-30,Male,Beginner,24,14,21,86,7,98,54,4,2,B,10,28,13,16,8,D
261,18-30,Female,Beginner,19,27,8,13,66,68,86,0,3,A,10,34,13,10,26,R
262,31-45,Male,Advanced,33,21,6,96,62,97,8,7,4,B,15,10,15,18,0,R
263,>60,Female,Beginner,25,8,13,17,8,97,1,7,1,C,14,32,48,16,24,R
264,<18,Female,Advanced,4,16,18,72,93,76,60,5,3,B,16,10,37,3,16,R
265,46-60,Male,Intermediate,34,26,18,22,10,57,40,4,4,A,17,8,38,13,15,R
266,<18,Male,Beginner,27,25,1,73,98,77,43,7,0,C,18,13,25,19,17,R
267,46-60,Male,Intermediate,28,11,8,82,100,74,63,2,1,B,3,8,25,3,1,R
268,<18,Male,Intermediate,8,6,12,46,41,41,30,2,3,C,4,2,0,13,13,R
269,>60,Female,Intermediate,37,9,14,68,12,37,46,1,0,A,6,28,31,3,21,R
270,46-60,Female,Advanced,49,24,2,46,35,67,1,4,1,B,1,18,14,5,22,D
271,31-45,Male,Intermediate,5,25,10,86,12,52,95,2,2,C,0,35,20,8,26,R
272,<18,Female,Intermediate,18,24,20,29,11,32,81,2,0,C,11,31,17,20,16,R
273,<18,Female,Intermediate,43,9,13,24,36,70,76,5,4,B,9,6,29,11,2,R
274,46-60,Female,Beginner,10,26,24,27,73,55,68,7,3,C,7,27,12,7,1,R
275,31-45,Female,Beginner,1,12,7,97,72,71,57,1,1,C,0,17,23,3,7,R
276,31-45,Male,Advanced,46,18,17,24,51,100,43,3,0,A,11,4,29,4,24,D
277,>60,Male,Advanced,43,10,18,73,70,50,73,10,2,A,1,22,1,5,28,D
278,31-45,Female,Beginner,43,12,15,77,1,73,55,6,3,A,9,21,18,4,1,R
279,31-45,Male,Advanced,8,20,1,57,55,42,42,0,3,A,16,25,46,18,1,D
280,31-45,Male,Beginner,20,7,7,93,59,14,88,0,0,A,2,11,43,7,25,R
281,18-30,Male,Intermediate,23,7,21,40,22,37,33,9,2,A,6,18,46,8,30,R
282,>60,Female,Intermediate,33,3,5,24,39,14,100,6,1,B,11,0,24,14,8,D
283,<18,Female,Advanced,21,14,11,77,63,4,29,6,0,A,7,2,49,3,29,D
284,46-60,Female,Beginner,2,30,14,98,84,92,70,0,1,C,11,26,13,8,19,D
285,<18,Male,Beginner,11,27,24,47,22,82,69,0,3,B,2,17,5,6,20,D
286,>60,Female,Advanced,27,10,7,97,28,53,54,3,1,C,16,29,11,7,28,D
287,46-60,Female,Beginner,29,10,3,9,77,50,66,4,2,A,8,1,19,14,26,R
288,>60,Male,Intermediate,25,0,14,98,89,9,12,4,4,A,9,4,22,18,24,R
289,31-45,Female,Advanced,47,16,19,74,50,11,2,3,2,C,5,28,29,14,5,R
290,46-60,Female,Advanced,20,14,24,10,68,3,25,7,1,C,0,32,29,4,25,D
291,31-45,Male,Beginner,27,19,16,84,94,94,56,6,0,C,11,19,37,18,11,R
292,<18,Male,Advanced,25,5,12,20,88,17,23,8,3,B,4,29,29,6,24,D
293,<18,Male,Beginner,32,23,17,85,30,79,52,6,4,A,12,4,40,5,8,R
294,46-60,Female,Beginner,20,21,1,44,49,35,69,9,0,C,14,20,29,18,6,D
295,46-60,Female,Beginner,34,27,12,6,19,24,42,0,0,A,10,14,35,16,29,D
296,>60,Female,Beginner,33,24,12,80,54,86,59,6,2,C,7,19,48,9,11,R
297,>60,Male,Beginner,40,14,21,63,80,75,57,0,1,A,4,7,33,18,25,R
298,31-45,Male,Advanced,50,30,14,63,1,97,48,6,2,B,1,30,15,10,24,R
299,46-60,Female,Intermediate,46,8,19,1,24,35,41,9,1,A,11,11,23,14,4,R
300,<18,Female,Intermediate,17,13,9,75,12,100,75,7,2,C,1,20,13,9,15,D
301,>60,Male,Advanced,10,17,2,41,91,66,99,10,0,A,15,29,25,10,4,R
302,>60,Male,Advanced,22,25,18,81,69,8,65,8,3,B,2,26,7,2,11,D
303,<18,Male,Intermediate,47,16,2,53,66,60,10,2,1,B,9,25,13,2,23,R
304,>60,Male,Intermediate,21,17,21,74,57,52,97,3,4,A,18,32,30,17,25,R
305,31-45,Female,Intermediate,16,4,13,15,98,17,89,3,4,C,7,25,1,10,19,R
306,46-60,Male,Intermediate,4,19,7,17,81,42,17,8,0,B,6,25,47,19,8,R
307,<18,Female,Intermediate,43,19,22,98,74,34,84,6,2,B,0,35,3,17,22,R
308,46-60,Female,Beginner,10,8,3,58,83,62,99,2,2,A,11,0,0,14,6,D
309,>60,Female,Advanced,29,10,19,89,63,97,51,9,0,B,4,14,19,6,28,R
310,>60,Male,Beginner,14,23,10,15,68,77,45,4,4,B,15,0,13,9,30,D
311,<18,Male,Intermediate,26,21,25,5,82,3,43,6,4,C,3,10,39,20,18,R
312,31-45,Male,Intermediate,34,0,10,56,85,92,21,7,2,C,16,1,24,19,19,D
313,18-30,Male,Intermediate,32,17,10,46,58,40,52,0,1,C,1,0,24,9,22,R
314,<18,Female,Beginner,19,5,1,47,59,44,58,1,3,A,11,30,2,12,10,R
315,18-30,Male,Beginner,15,26,16,41,82,49,93,6,1,B,0,15,4,14,26,R
316,18-30,Male,Intermediate,33,1,8,75,61,78,29,10,4,A,11,21,37,17,29,D
317,31-45,Female,Beginner,1,14,1,59,15,27,7,1,1,B,11,17,25,3,20,D
318,18-30,Male,Beginner,34,28,23,76,87,41,97,6,3,B,11,16,39,19,11,R
319,18-30,Female,Intermediate,39,25,14,3,67,79,56,8,1,B,18,29,37,16,2,R
320,31-45,Female,Beginner,27,20,15,1,14,75,72,10,1,C,16,9,37,2,16,R
321,18-30,Female,Advanced,46,13,24,89,88,68,19,1,1,A,10,34,3,20,6,D
322,18-30,Female,Advanced,38,4,3,58,54,97,24,6,1,A,12,20,6,20,21,R
323,18-30,Female,Advanced,5,5,7,26,34,0,18,3,0,B,7,15,29,1,9,D
324,<18,Female,Advanced,8,5,8,26,54,38,4,10,4,A,9,5,29,3,30,R
325,<18,Female,Intermediate,19,29,25,78,13,95,74,1,3,C,7,2,18,0,22,D
326,<18,Female,Intermediate,0,21,25,71,48,89,78,6,4,A,7,20,38,14,14,D
327,31-45,Male,Intermediate,7,29,4,6,82,16,71,4,0,B,8,12,34,0,29,D
328,>60,Male,Advanced,22,17,15,62,99,90,82,0,0,C,6,17,39,5,1,R
329,18-30,Male,Advanced,2,13,12,45,6,87,86,4,0,C,13,23,32,6,12,D
330,18-30,Male,Beginner,3,9,6,62,29,34,26,2,0,B,1,26,32,18,27,R
331,31-45,Female,Beginner,24,13,25,11,82,45,39,6,1,A,10,3,13,11,3,D
332,18-30,Male,Advanced,46,12,19,12,48,41,95,5,4,B,7,21,37,0,17,R
333,<18,Female,Advanced,37,30,16,42,88,38,25,7,2,A,12,23,9,6,23,D
334,>60,Male,Advanced,14,29,2,16,15,89,26,4,3,A,14,9,27,18,22,D
335,46-60,Male,Advanced,20,2,4,62,50,48,61,1,0,C,2,1,13,12,0,R
336,18-30,Male,Beginner,34,29,18,80,71,61,82,8,4,B,13,5,35,11,1,R
337,<18,Female,Advanced,45,5,11,35,81,37,49,10,0,C,14,17,37,11,1,D
338,46-60,Male,Beginner,13,28,6,84,91,22,41,7,0,B,1,16,15,12,3,D
339,>60,Female,Advanced,35,7,8,7,79,21,28,5,0,B,18,22,20,13,2,R
340,46-60,Female,Advanced,11,11,5,68,82,3,38,9,0,C,11,29,27,11,16,D
341,<18,Male,Advanced,16,12,25,89,41,48,59,6,0,B,3,20,32,19,27,D
342,46-60,Male,Beginner,38,10,16,79,16,58,40,8,3,B,2,9,5,11,13,R
343,31-45,Male,Beginner,8,11,15,35,62,72,32,6,4,A,4,12,40,5,1,R
344,46-60,Female,Intermediate,34,0,22,27,44,67,82,2,0,B,2,11,14,9,15,R
345,18-30,Male,Advanced,12,16,2,92,76,70,100,5,0,B,14,8,43,19,10,D
346,18-30,Female,Intermediate,14,15,20,46,6,86,82,10,0,C,18,3,2,8,24,D
347,31-45,Female,Intermediate,17,10,25,75,26,1,96,10,0,C,1,23,42,1,12,D
348,<18,Male,Beginner,50,12,3,100,9,48,15,6,1,B,11,33,46,6,0,R
349,18-30,Male,Beginner,32,17,9,29,33,87,22,1,1,A,4,4,34,8,24,D
350,>60,Female,Intermediate,5,10,4,22,35,94,6,2,2,A,16,14,13,11,22,R
351,18-30,Female,Advanced,26,30,20,15,24,30,25,3,0,C,13,3,1,4,1,R
352,18-30,Female,Beginner,22,27,21,13,5,39,95,9,2,B,9,7,28,0,1,D
353,<18,Male,Advanced,26,11,9,73,23,47,11,5,3,B,2,23,3,14,20,R
354,46-60,Female,Advanced,33,5,11,70,17,50,71,0,2,A,3,27,25,7,28,D
355,18-30,Male,Intermediate,45,8,9,51,86,42,4,8,4,A,5,26,50,0,4,R
356,31-45,Female,Intermediate,37,15,12,36,5,97,91,4,1,A,15,0,11,17,3,R
357,46-60,Female,Intermediate,13,3,10,28,28,54,68,6,1,C,6,33,1,12,11,R
358,>60,Male,Intermediate,35,2,21,66,24,87,48,8,0,B,14,16,16,0,25,D
359,<18,Female,Beginner,7,27,15,14,54,48,25,8,0,C,10,36,34,4,25,R
360,>60,Male,Beginner,34,15,7,99,80,89,4,0,3,B,0,25,9,17,28,D
361,46-60,Male,Intermediate,18,23,7,46,45,79,21,0,3,C,4,23,47,15,27,R
362,46-60,Female,Beginner,29,26,24,45,23,56,78,2,4,B,12,20,21,9,2,R
363,46-60,Male,Intermediate,13,25,7,51,74,76,12,5,0,A,13,29,40,3,19,R
364,>60,Male,Advanced,19,29,12,18,25,14,27,1,0,A,8,12,42,0,9,D
365,46-60,Female,Advanced,48,24,1,76,97,26,32,9,3,A,16,36,20,7,19,D
366,>60,Male,Advanced,24,11,11,20,27,67,22,10,3,C,14,2,14,4,17,D
367,46-60,Male,Intermediate,39,10,9,63,2,79,96,0,3,A,6,31,34,1,20,D
368,31-45,Male,Advanced,23,4,11,36,74,63,17,0,1,B,11,34,47,16,30,D
369,46-60,Female,Beginner,13,24,10,26,37,93,29,4,2,C,5,18,20,6,20,R
370,>60,Male,Advanced,25,17,14,54,60,29,25,3,2,B,15,13,20,16,20,R
371,18-30,Female,Advanced,37,18,15,28,77,35,15,0,0,C,4,21,20,5,26,D
372,46-60,Female,Advanced,22,22,16,19,50,66,76,3,1,B,8,16,43,14,30,D
373,18-30,Male,Beginner,21,22,25,24,89,85,38,2,3,B,13,3,31,4,26,D
374,31-45,Male,Intermediate,47,5,1,69,47,85,32,1,0,C,7,18,4,14,9,D
375,<18,Male,Beginner,18,21,17,62,20,48,25,8,1,C,13,36,38,17,0,R
376,31-45,Female,Intermediate,45,17,11,35,53,75,47,10,4,A,11,1,8,17,5,D
377,46-60,Male,Intermediate,50,25,18,1,55,54,64,0,1,A,9,14,17,20,10,D
378,18-30,Male,Advanced,2,5,25,21,93,84,37,6,0,B,12,1,20,20,1,D
379,18-30,Male,Intermediate,41,3,22,95,58,55,1,3,2,B,18,10,7,5,6,D
380,>60,Male,Beginner,18,11,17,15,71,67,5,4,3,B,14,22,43,1,19,R
381,18-30,Male,Beginner,8,18,16,17,50,94,45,9,4,C,7,9,33,16,30,R
382,>60,Female,Intermediate,27,28,5,68,19,43,49,4,1,C,9,2,9,20,20,D
383,<18,Female,Advanced,19,26,24,53,95,30,37,0,0,A,2,4,50,3,20,R
384,46-60,Male,Advanced,44,28,14,99,85,57,87,5,0,B,2,2,40,11,20,R
385,>60,Male,Beginner,6,1,2,29,58,86,17,8,3,A,4,12,23,18,17,D
386,<18,Male,Advanced,13,16,5,44,70,52,26,1,0,C,15,18,39,1,20,D
387,18-30,Male,Intermediate,8,10,2,18,8,83,40,6,0,C,16,34,23,1,18,R
388,18-30,Female,Intermediate,18,10,0,86,0,78,71,5,3,C,5,23,31,13,3,R
389,<18,Male,Beginner,46,20,12,33,28,22,91,4,4,A,15,23,32,14,12,R
390,18-30,Female,Intermediate,13,15,20,12,62,27,73,3,2,C,1,16,37,19,17,R
391,<18,Female,Beginner,37,1,25,42,71,15,16,3,2,B,14,9,43,1,19,R
392,>60,Male,Intermediate,35,1,13,61,55,36,61,5,1,A,17,1,50,3,28,D
393,>60,Female,Beginner,39,22,12,92,67,20,28,3,4,C,0,22,48,18,24,R
394,<18,Female,Advanced,16,7,3,99,34,78,57,4,1,A,18,5,33,8,23,R
395,>60,Female,Intermediate,29,12,6,21,2,16,69,5,2,A,11,1,10,6,12,R
396,>60,Female,Intermediate,8,9,21,51,6,36,77,4,3,C,7,20,30,12,29,R
397,>60,Male,Beginner,32,7,9,51,26,76,21,6,0,C,5,34,17,11,30,R
398,31-45,Male,Beginner,24,29,6,35,0,18,5,8,2,A,11,28,22,2,26,R
399,46-60,Female,Intermediate,13,3,20,72,90,29,25,9,4,A,6,6,21,12,27,R
400,18-30,Male,Beginner,10,14,14,18,79,44,38,6,2,C,17,28,42,14,18,R
401,31-45,Male,Intermediate,34,29,14,37,70,17,11,6,4,B,13,36,17,13,16,D
402,>60,Male,Advanced,40,0,3,69,43,77,98,3,4,A,7,22,39,8,0,D
403,<18,Male,Beginner,13,10,22,78,86,61,13,0,4,A,13,32,46,12,5,R
404,>60,Male,Intermediate,29,6,22,56,40,35,21,7,1,B,4,7,40,3,18,D
405,46-60,Female,Advanced,40,16,5,19,74,99,50,3,3,C,8,11,46,20,19,D
406,>60,Male,Advanced,3,26,23,8,41,83,22,0,2,C,7,9,38,7,0,D
407,<18,Male,Intermediate,3,19,19,31,32,51,47,4,3,B,1,14,19,2,7,D
408,46-60,Male,Beginner,27,23,25,3,49,18,70,7,0,C,15,23,12,1,16,D
409,>60,Male,Intermediate,7,17,4,49,62,43,49,3,2,C,12,25,44,18,20,D
410,46-60,Female,Advanced,1,21,19,81,99,6,88,7,3,A,6,2,0,7,21,R
411,18-30,Female,Intermediate,40,28,11,4,36,43,12,7,3,A,15,1,3,16,14,R
412,18-30,Female,Beginner,45,21,0,19,58,67,84,2,0,A,6,5,23,12,17,D
413,>60,Female,Advanced,21,11,7,86,80,33,9,8,4,B,13,20,35,6,6,R
414,46-60,Male,Intermediate,40,8,0,74,98,65,54,2,2,C,13,8,35,8,15,D
415,<18,Female,Beginner,15,4,4,36,47,68,8,0,2,C,11,9,44,11,6,R
416,>60,Male,Advanced,28,9,21,21,4,54,78,1,0,A,0,35,1,13,16,R
417,18-30,Male,Beginner,48,3,5,57,47,9,51,5,4,A,0,2,27,13,3,R
418,18-30,Male,Advanced,47,4,20,67,95,95,1,9,2,B,11,23,25,14,11,D
419,>60,Male,Intermediate,29,27,2,92,2,41,24,1,2,C,14,21,22,2,12,R
420,46-60,Male,Beginner,11,27,14,43,46,40,12,5,2,B,3,13,14,14,3,R
421,18-30,Female,Advanced,34,9,4,33,61,76,97,0,4,C,6,26,35,18,20,D
422,46-60,Female,Beginner,10,30,23,76,98,68,50,10,0,B,15,32,26,19,0,D
423,18-30,Female,Beginner,45,10,13,41,13,9,57,0,2,A,2,21,5,13,0,R
424,18-30,Female,Intermediate,49,20,17,8,62,9,33,4,3,B,6,28,34,7,6,D
425,31-45,Male,Beginner,20,23,15,94,60,90,34,9,4,B,5,18,38,4,8,R
426,18-30,Female,Advanced,20,9,5,6,30,59,2,10,1,A,15,18,37,18,0,R
427,<18,Male,Advanced,4,27,24,67,94,50,58,8,0,C,7,5,34,3,15,D
428,>60,Female,Advanced,47,7,23,18,16,20,69,7,3,C,5,18,35,13,17,D
429,>60,Male,Advanced,19,1,13,93,23,7,47,2,2,A,9,12,9,15,21,R
430,46-60,Male,Intermediate,36,22,23,30,22,64,63,2,1,B,15,25,29,19,30,D
431,18-30,Female,Beginner,2,7,7,34,81,91,18,0,0,B,10,21,40,5,14,R
432,<18,Male,Intermediate,43,15,6,56,49,77,66,2,4,B,12,20,37,5,5,D
433,46-60,Male,Beginner,32,26,7,84,77,84,81,10,1,C,5,35,28,2,1,D
434,31-45,Female,Beginner,8,21,12,60,78,29,72,0,1,B,0,1,42,14,8,D
435,46-60,Male,Beginner,8,4,5,30,78,84,75,7,3,C,18,29,38,2,3,D
436,46-60,Female,Intermediate,3,26,17,82,69,48,4,0,0,B,11,26,49,10,12,D
437,18-30,Female,Beginner,34,24,1,94,26,8,66,4,3,A,5,6,3,2,22,R
438,31-45,Female,Intermediate,16,28,7,52,14,16,10,8,3,A,17,19,4,9,21,R
439,46-60,Male,Advanced,33,2,10,31,49,68,93,6,2,C,12,30,3,17,10,R
440,<18,Male,Advanced,23,11,0,65,35,57,67,3,4,C,6,22,35,0,12,D
441,<18,Male,Beginner,31,12,21,58,7,56,68,10,1,A,12,12,44,15,10,R
442,>60,Female,Intermediate,0,12,5,9,78,61,0,8,0,A,7,16,15,15,18,R
443,31-45,Male,Advanced,7,9,15,1,2,94,90,8,4,B,16,3,24,9,7,D
444,31-45,Female,Intermediate,44,3,19,65,61,51,91,1,4,A,8,13,13,0,6,D
445,>60,Female,Intermediate,22,8,11,59,46,60,62,9,0,C,12,19,10,3,24,D
446,46-60,Male,Beginner,46,21,10,87,76,39,28,9,4,A,1,12,28,2,15,R
447,31-45,Female,Advanced,39,23,9,16,97,37,81,10,2,C,3,2,33,4,2,R
448,<18,Male,Beginner,11,22,2,95,87,42,11,5,4,C,1,25,21,11,16,D
449,<18,Male,Beginner,11,26,12,15,95,62,76,3,2,B,3,25,13,11,17,R
450,18-30,Male,Advanced,45,1,2,15,60,18,40,7,1,B,17,17,23,12,27,R
451,31-45,Male,Advanced,46,18,14,45,31,99,1,10,1,B,4,31,38,11,26,D
452,46-60,Male,Intermediate,14,0,15,38,93,49,36,6,3,B,18,13,25,15,14,R
453,>60,Female,Advanced,40,24,12,30,12,32,44,6,2,A,9,2,42,12,27,D
454,>60,Female,Intermediate,18,28,16,87,0,12,79,10,1,B,17,0,35,4,16,R
455,46-60,Female,Intermediate,25,6,2,0,33,77,47,9,4,A,9,25,38,3,10,D
456,18-30,Male,Intermediate,28,16,19,10,61,96,23,8,0,B,4,23,15,20,4,R
457,>60,Male,Advanced,21,2,10,84,78,61,98,4,0,B,16,34,37,14,15,R
458,31-45,Male,Beginner,39,19,20,3,77,92,21,5,2,C,12,13,31,11,14,D
459,18-30,Female,Intermediate,20,19,18,70,92,42,99,0,3,A,16,2,5,18,9,D
460,31-45,Male,Beginner,50,20,21,25,97,48,10,5,4,C,8,12,33,20,13,D
461,<18,Female,Beginner,37,29,10,49,81,35,57,1,2,B,11,13,7,18,1,D
462,18-30,Female,Advanced,19,2,15,11,70,9,45,5,0,A,13,20,29,20,15,R
463,>60,Male,Beginner,28,2,20,94,92,94,28,8,2,B,13,25,26,10,18,D
464,18-30,Male,Beginner,50,16,2,80,30,5,34,7,4,C,7,2,6,20,7,D
465,18-30,Female,Advanced,3,6,21,96,63,56,14,8,1,A,4,3,26,5,14,D
466,18-30,Male,Intermediate,6,26,5,74,24,0,59,9,4,C,18,35,24,8,9,D
467,18-30,Female,Beginner,27,25,13,91,37,70,94,7,1,B,13,0,45,0,29,D
468,31-45,Male,Advanced,27,13,23,95,13,57,41,2,1,B,8,32,40,11,4,R
469,<18,Male,Beginner,3,16,17,64,7,90,42,7,1,B,6,6,14,13,19,D
470,46-60,Female,Beginner,21,17,16,46,90,20,79,5,2,A,7,10,24,5,15,D
471,18-30,Male,Intermediate,11,12,3,91,53,91,73,5,0,C,13,26,21,0,20,D
472,>60,Female,Beginner,44,19,22,52,1,79,48,5,2,C,13,13,17,1,25,R
473,18-30,Male,Advanced,2,28,14,70,80,55,63,2,0,B,10,21,11,10,21,R
474,>60,Female,Beginner,21,19,10,1,100,86,31,9,4,C,13,15,22,2,11,R
475,31-45,Female,Intermediate,43,20,25,23,77,19,63,0,3,A,7,11,50,9,22,D
476,>60,Male,Intermediate,1,26,2,3,88,53,1,3,4,B,2,9,44,5,29,D
477,46-60,Female,Advanced,23,17,2,18,55,24,23,9,2,B,17,23,38,5,12,R
478,<18,Male,Intermediate,33,3,15,25,93,27,86,5,2,B,2,17,24,19,8,R
479,>60,Male,Beginner,26,0,4,74,92,4,65,10,0,A,12,21,9,20,16,D
480,>60,Male,Intermediate,40,17,20,39,83,20,37,9,2,B,11,8,29,1,19,D
481,<18,Female,Advanced,0,0,9,49,84,17,30,1,1,B,14,16,9,9,27,D
482,46-60,Female,Intermediate,7,25,18,42,60,46,25,6,2,B,17,12,33,5,11,R
483,18-30,Male,Intermediate,22,25,24,74,21,69,28,6,0,B,4,36,45,16,24,D
484,>60,Male,Intermediate,37,12,3,66,34,56,66,10,0,C,6,5,12,13,4,D
485,<18,Female,Advanced,5,19,18,11,100,92,77,3,1,B,10,20,28,4,23,R
486,31-45,Male,Intermediate,21,19,10,66,15,18,24,3,0,A,10,35,37,16,11,R
487,<18,Male,Intermediate,24,22,1,26,49,96,47,0,3,B,14,6,40,1,0,R
488,31-45,Female,Beginner,17,9,9,53,42,64,64,1,4,B,9,35,44,8,19,D
489,46-60,Male,Advanced,16,26,10,65,16,2,52,8,2,C,14,24,8,11,27,R
490,18-30,Female,Intermediate,11,10,24,48,79,41,66,9,3,B,12,10,12,18,15,R
491,<18,Male,Advanced,5,8,19,15,57,20,89,7,2,C,13,13,36,6,29,D
492,>60,Female,Intermediate,25,8,15,1,1,98,17,7,3,A,16,28,13,8,11,D
493,46-60,Male,Intermediate,26,4,18,59,3,39,8,8,2,C,12,9,36,20,8,R
494,<18,Male,Intermediate,7,25,22,53,84,66,37,6,1,B,9,4,8,15,12,D
495,>60,Female,Beginner,18,0,23,29,38,24,86,8,0,A,0,7,7,19,16,R
496,<18,Male,Beginner,41,16,10,83,97,54,20,9,0,B,0,4,38,10,16,D
497,31-45,Female,Beginner,0,21,13,37,93,83,64,1,1,C,14,23,39,11,3,D
498,<18,Male,Advanced,28,1,1,27,5,51,20,5,3,A,15,25,2,14,13,R
499,<18,Female,Advanced,44,23,22,24,80,43,26,2,4,A,11,5,46,17,18,R
500,<18,Female,Beginner,48,12,4,95,88,97,69,10,3,C,5,15,39,18,6,R
501,46-60,Female,Advanced,34,8,4,9,68,84,43,5,0,C,5,35,32,15,26,D
502,<18,Female,Intermediate,39,28,18,59,68,55,99,2,4,A,11,11,31,14,2,R
503,>60,Male,Intermediate,13,3,20,41,19,54,27,7,2,A,14,10,6,4,0,D
504,31-45,Male,Intermediate,34,4,11,39,63,86,44,10,4,C,3,2,18,10,11,D
505,31-45,Female,Beginner,47,10,17,96,15,69,16,3,3,B,3,36,33,14,14,R
506,<18,Female,Advanced,44,23,3,76,50,76,39,9,1,A,1,5,13,17,10,D
507,46-60,Female,Beginner,19,18,21,41,36,86,2,5,2,C,11,18,49,12,9,D
508,46-60,Male,Advanced,48,20,16,46,72,72,75,8,3,B,6,17,46,3,1,R
509,>60,Male,Intermediate,12,2,9,36,68,80,75,1,2,A,8,15,45,16,25,D
510,<18,Male,Beginner,37,11,19,79,41,65,65,1,4,A,8,22,18,3,28,D
511,31-45,Male,Advanced,48,25,5,21,56,18,45,6,0,C,7,36,50,15,3,R
512,46-60,Female,Advanced,45,18,24,56,65,82,85,1,3,B,13,8,25,14,16,R
513,<18,Female,Intermediate,48,18,13,83,8,6,86,1,1,A,0,2,16,13,16,D
514,46-60,Female,Beginner,7,12,10,26,99,62,29,3,4,B,11,7,27,11,27,D
515,46-60,Male,Beginner,42,27,10,40,85,41,68,8,3,B,1,3,18,2,29,D
516,31-45,Male,Beginner,19,6,17,79,63,41,8,7,1,A,12,11,26,9,7,D
517,18-30,Male,Intermediate,32,14,22,33,85,58,84,1,3,B,3,30,47,7,22,R
518,>60,Female,Beginner,25,22,21,31,21,19,10,7,4,A,17,24,18,5,13,D
519,>60,Female,Intermediate,38,6,17,89,33,72,68,3,3,B,18,15,32,13,23,D
520,31-45,Male,Intermediate,20,25,23,88,54,16,98,1,2,A,15,13,50,16,28,D
521,46-60,Female,Intermediate,48,7,22,65,28,26,90,10,4,C,13,12,6,20,3,D
522,<18,Male,Advanced,41,4,10,11,37,46,65,9,3,A,7,6,28,18,5,R
523,46-60,Male,Beginner,42,20,20,39,96,1,87,6,0,A,11,11,42,15,30,D
524,31-45,Female,Beginner,40,13,11,72,17,62,30,5,3,A,8,36,4,14,28,R
525,>60,Male,Intermediate,8,3,4,75,70,61,32,9,2,B,5,3,29,14,18,R
526,46-60,Female,Intermediate,23,22,22,89,64,99,38,4,1,C,17,1,48,0,26,R
527,>60,Male,Beginner,36,9,8,72,96,18,93,10,1,B,1,34,42,11,28,R
528,<18,Female,Intermediate,48,19,24,9,0,16,45,0,1,B,7,2,7,9,23,R
529,>60,Female,Beginner,40,14,8,95,87,68,36,1,0,A,13,3,41,13,3,D
530,>60,Female,Advanced,16,17,21,97,3,38,91,7,2,B,5,11,11,9,2,R
531,18-30,Male,Intermediate,23,19,9,47,3,81,59,0,4,A,9,18,41,9,19,R
532,18-30,Male,Beginner,20,12,21,19,81,70,30,2,1,C,7,9,12,19,5,R
533,18-30,Female,Intermediate,50,28,18,38,26,80,10,1,2,B,16,0,25,10,26,D
534,>60,Female,Beginner,38,7,0,59,42,38,86,4,3,B,11,16,17,15,22,R
535,31-45,Male,Beginner,40,8,6,65,58,35,1,3,0,B,16,15,41,8,6,D
536,>60,Male,Intermediate,38,15,3,64,31,39,26,6,2,A,12,8,50,14,13,R
537,31-45,Male,Advanced,12,18,0,50,32,44,98,4,2,A,18,8,48,13,30,R
538,31-45,Female,Beginner,10,15,14,35,27,3,1,7,4,B,11,8,19,18,11,D
539,18-30,Male,Beginner,45,6,7,23,54,24,100,3,2,B,15,11,15,8,15,D
540,46-60,Male,Beginner,18,13,11,26,99,68,20,5,4,C,4,14,36,3,19,D
541,<18,Female,Advanced,10,27,21,1,59,29,57,3,0,C,15,1,2,20,7,R
542,18-30,Male,Advanced,12,13,21,30,69,75,4,1,0,C,5,10,26,6,22,D
543,18-30,Male,Intermediate,45,24,17,56,61,67,51,0,3,C,10,10,14,7,1,D
544,46-60,Male,Advanced,44,26,14,77,79,87,44,0,4,C,16,7,33,7,12,D
545,<18,Female,Intermediate,0,3,16,65,33,28,84,7,4,A,13,31,44,18,7,D
546,>60,Female,Intermediate,39,25,13,28,86,72,92,3,1,C,5,5,21,14,24,D
547,>60,Female,Advanced,43,14,13,14,87,67,19,4,1,C,10,19,39,15,20,R
548,18-30,Female,Intermediate,18,2,17,11,55,50,60,10,3,B,11,34,22,8,30,D
549,<18,Female,Advanced,11,4,19,100,12,23,37,7,0,A,12,7,48,11,19,R
550,18-30,Female,Intermediate,7,0,17,27,55,13,19,6,1,C,3,33,3,15,15,D
551,31-45,Female,Advanced,7,2,15,83,17,68,24,7,2,C,6,18,50,3,3,D
552,18-30,Male,Advanced,44,14,0,23,53,17,1,7,0,C,1,6,40,4,28,R
553,18-30,Male,Intermediate,11,23,22,20,76,41,31,5,2,B,5,30,22,7,15,R
554,>60,Female,Beginner,47,26,10,9,100,56,25,9,4,B,5,17,46,0,19,R
555,>60,Male,Intermediate,32,7,14,77,42,82,69,1,0,B,17,13,8,5,5,R
556,>60,Male,Advanced,44,30,11,100,38,11,40,5,3,C,7,35,23,14,26,D
557,31-45,Female,Beginner,25,28,7,17,60,81,66,0,4,B,7,16,20,3,3,R
558,>60,Male,Intermediate,38,3,21,87,41,16,96,0,4,C,7,36,40,20,15,D
559,<18,Male,Intermediate,27,1,19,13,80,29,0,10,2,A,7,8,45,10,22,D
560,46-60,Male,Intermediate,4,28,5,33,78,87,50,2,4,C,0,19,15,4,22,D
561,<18,Male,Beginner,7,23,2,57,17,74,4,2,1,B,1,27,24,17,20,R
562,<18,Male,Advanced,24,23,23,75,22,98,12,10,0,A,11,19,25,14,12,R
563,>60,Female,Intermediate,26,9,25,21,53,22,18,4,1,C,14,35,48,17,4,R
564,46-60,Female,Intermediate,45,3,12,69,29,80,11,0,2,A,3,26,44,19,14,D
565,46-60,Female,Intermediate,22,2,12,35,97,0,47,9,2,A,2,7,8,12,25,R
566,46-60,Male,Intermediate,29,1,1,44,57,78,24,5,0,A,13,31,14,4,7,R
567,31-45,Female,Intermediate,44,24,4,35,67,31,56,6,4,C,7,0,38,0,6,D
568,>60,Male,Advanced,46,16,16,21,66,8,34,9,3,B,12,16,32,17,13,R
569,46-60,Male,Advanced,22,22,5,77,70,14,75,10,2,C,18,8,0,13,6,D
570,31-45,Male,Intermediate,48,20,1,79,17,27,93,2,0,B,4,19,4,4,21,R
571,18-30,Male,Beginner,46,23,3,60,6,23,4,3,3,C,12,31,8,5,6,R
572,18-30,Female,Advanced,19,19,21,99,39,59,97,9,4,C,0,1,43,15,22,R
573,31-45,Female,Beginner,17,22,25,55,69,34,21,10,2,C,15,31,5,20,25,R
574,31-45,Male,Advanced,17,12,10,88,85,85,76,9,0,B,1,8,27,11,29,R
575,>60,Female,Intermediate,1,4,7,95,64,26,56,9,0,C,6,29,44,19,17,D
576,>60,Male,Advanced,3,30,11,32,67,82,46,9,0,A,5,19,25,17,29,R
577,18-30,Female,Intermediate,29,29,7,44,48,75,53,9,2,C,4,0,27,1,9,R
578,46-60,Female,Advanced,32,20,10,35,51,19,2,2,3,A,3,4,39,20,17,R
579,18-30,Male,Intermediate,35,29,21,19,28,64,52,0,0,B,1,34,14,12,13,R
580,46-60,Female,Intermediate,17,8,19,17,20,84,83,7,4,B,9,35,5,16,9,R
581,46-60,Male,Intermediate,36,24,7,37,89,48,30,9,0,C,4,0,26,16,6,R
582,>60,Female,Intermediate,18,28,7,66,77,0,68,9,3,C,17,13,37,15,29,R
583,<18,Male,Beginner,46,24,25,22,8,9,87,1,2,C,9,8,3,20,25,D
584,<18,Male,Intermediate,27,27,16,95,46,46,32,0,0,A,14,29,10,17,6,D
585,31-45,Female,Beginner,39,21,19,15,75,58,71,7,0,B,8,23,20,7,6,R
586,>60,Female,Beginner,19,5,19,58,41,95,87,6,4,A,10,3,29,2,4,D
587,46-60,Male,Intermediate,48,4,22,68,50,61,49,6,4,A,16,13,17,16,0,R
588,<18,Female,Beginner,32,24,15,67,55,85,83,3,0,C,8,24,34,17,13,D
589,46-60,Female,Advanced,11,9,13,20,50,17,15,10,0,C,15,3,2,5,17,R
590,<18,Male,Intermediate,50,7,10,77,69,45,75,8,4,A,5,24,11,7,12,R
591,<18,Male,Beginner,14,6,6,94,19,31,76,5,3,A,10,9,26,12,24,D
592,<18,Female,Intermediate,40,6,15,77,87,26,38,1,1,C,16,34,29,7,7,R
593,>60,Male,Intermediate,38,5,12,69,26,91,88,0,1,C,3,6,20,18,7,D
594,18-30,Male,Intermediate,1,20,14,11,37,17,45,0,0,A,14,12,37,5,9,R
595,46-60,Male,Beginner,28,28,23,15,71,38,95,8,4,C,0,3,20,14,16,R
596,>60,Female,Advanced,40,19,15,80,64,48,87,3,2,C,0,35,37,9,5,R
597,>60,Female,Advanced,9,2,20,86,53,92,46,4,2,A,8,13,39,16,14,R
598,>60,Male,Beginner,1,18,22,13,23,81,43,2,1,A,11,17,14,0,14,D
599,>60,Female,Intermediate,50,21,23,60,46,43,8,3,3,B,3,7,17,6,24,R
600,>60,Male,Beginner,10,14,8,70,70,71,86,7,1,A,12,31,28,12,15,D
601,31-45,Female,Beginner,12,3,2,45,82,53,49,3,0,C,6,26,47,2,30,D
602,46-60,Male,Beginner,9,27,18,31,85,94,76,8,3,A,7,36,37,18,7,R
603,>60,Male,Intermediate,13,11,19,14,62,33,59,8,2,A,12,22,20,14,18,R
604,46-60,Female,Beginner,17,5,4,43,56,70,95,5,4,A,10,6,16,4,19,D
605,31-45,Male,Intermediate,50,18,9,16,54,35,14,1,4,B,8,11,40,10,14,D
606,31-45,Female,Beginner,8,30,16,40,59,17,35,9,0,B,15,24,50,17,2,R
607,46-60,Female,Advanced,38,3,14,53,98,37,62,10,1,C,9,2,17,2,5,D
608,<18,Male,Beginner,27,14,22,43,61,58,68,6,0,B,10,25,36,5,29,D
609,18-30,Male,Beginner,2,8,24,97,29,8,85,8,4,A,11,3,37,2,24,D
610,<18,Female,Advanced,19,4,7,4,92,72,79,5,2,B,13,35,11,4,30,R
611,<18,Male,Intermediate,5,12,14,26,21,71,40,2,4,A,18,14,10,8,7,D
612,<18,Male,Intermediate,26,22,20,86,74,50,73,6,3,B,11,31,47,18,30,D
613,>60,Male,Beginner,1,25,13,77,83,34,23,4,4,B,17,28,48,12,15,D
614,31-45,Male,Advanced,28,17,19,78,28,81,81,0,4,B,16,9,19,5,14,D
615,<18,Male,Intermediate,37,29,6,42,40,4,48,2,3,A,2,20,8,10,12,R
616,31-45,Female,Beginner,2,29,20,96,41,13,17,4,1,B,0,15,0,20,25,R
617,46-60,Female,Advanced,15,4,22,30,97,91,6,6,4,A,18,18,2,20,19,D
618,18-30,Male,Intermediate,29,24,11,98,64,29,3,2,0,A,3,28,20,13,14,D
619,46-60,Male,Intermediate,39,15,16,16,30,3,89,5,4,C,15,17,22,5,17,D
620,46-60,Male,Advanced,1,26,16,91,29,38,68,4,0,B,11,15,8,5,12,R
621,>60,Female,Advanced,16,18,9,82,17,83,59,0,3,C,12,0,18,16,23,R
622,18-30,Male,Advanced,40,13,18,53,16,63,54,9,4,C,16,1,44,10,7,D
623,46-60,Female,Advanced,11,24,13,61,37,24,15,5,3,A,7,14,45,14,13,D
624,46-60,Female,Beginner,34,29,10,86,13,27,98,7,3,B,12,27,18,8,27,R
625,18-30,Female,Advanced,42,15,1,31,86,75,89,0,1,A,4,0,22,20,10,D
626,18-30,Male,Intermediate,0,26,17,39,88,65,81,1,4,A,17,4,26,16,5,D
627,46-60,Female,Intermediate,44,14,6,12,78,77,28,3,0,B,14,21,26,6,29,R
628,18-30,Male,Beginner,14,21,11,83,55,21,22,1,0,A,11,35,38,6,23,R
629,46-60,Female,Intermediate,25,3,25,34,21,30,13,10,4,B,16,12,35,20,24,R
630,46-60,Male,Intermediate,36,6,1,4,66,22,78,8,1,B,14,0,11,0,28,R
631,>60,Female,Advanced,20,15,19,72,55,47,48,9,1,A,1,15,26,7,0,R
632,<18,Male,Intermediate,48,23,17,28,18,19,32,7,1,A,5,21,45,4,24,D
633,46-60,Female,Beginner,30,21,5,69,56,37,24,7,0,C,16,31,33,18,1,R
634,31-45,Male,Advanced,24,20,23,24,43,54,20,3,3,A,15,15,32,7,29,R
635,<18,Male,Advanced,22,21,9,94,97,67,16,4,1,B,16,14,27,16,12,R
636,<18,Male,Beginner,23,20,19,21,34,78,22,3,0,C,8,11,30,18,0,R
637,<18,Male,Advanced,37,7,14,65,0,87,56,8,0,B,4,0,31,11,23,R
638,>60,Female,Advanced,27,16,4,44,51,88,80,1,3,C,0,16,49,14,23,R
639,46-60,Female,Beginner,20,15,19,68,84,0,57,10,4,A,5,27,19,3,26,D
640,>60,Male,Advanced,42,26,2,90,92,6,13,7,4,A,13,6,39,11,3,R
641,46-60,Female,Beginner,17,22,4,88,69,56,92,1,1,A,16,8,34,12,23,D
642,>60,Male,Beginner,35,30,24,71,36,94,19,0,1,B,18,21,30,13,22,D
643,>60,Male,Intermediate,34,9,7,0,64,11,29,9,3,C,0,25,30,4,28,R
644,31-45,Female,Intermediate,44,9,7,83,50,4,18,2,1,B,0,11,37,15,1,R
645,>60,Male,Advanced,8,26,7,43,0,49,52,8,3,C,12,6,21,6,20,D
646,18-30,Male,Advanced,37,1,11,86,90,41,55,2,0,A,13,14,44,14,29,D
647,31-45,Female,Beginner,29,30,23,95,20,11,76,8,1,B,5,20,40,12,25,D
648,>60,Male,Advanced,43,29,22,74,52,17,81,6,0,A,5,13,8,15,19,R
649,<18,Male,Beginner,33,8,7,38,15,65,22,9,2,B,0,1,8,11,15,D
650,18-30,Male,Beginner,31,16,10,53,60,73,61,0,3,A,13,7,14,6,2,R
651,18-30,Male,Advanced,2,10,13,87,53,78,32,9,2,B,2,5,12,15,16,R
652,18-30,Female,Beginner,2,9,7,74,39,93,17,4,1,B,9,36,21,12,4,D
653,31-45,Female,Intermediate,27,21,23,28,25,16,72,8,0,C,18,36,15,2,25,R
654,>60,Female,Advanced,43,24,9,53,79,67,32,2,1,A,18,32,31,14,7,R
655,>60,Male,Intermediate,14,16,6,89,91,70,31,8,2,C,18,5,1,2,11,D
656,<18,Male,Advanced,40,3,16,15,64,61,60,4,1,C,3,25,25,6,24,D
657,<18,Female,Beginner,22,15,3,98,99,40,53,8,4,A,18,36,13,17,22,R
658,18-30,Male,Advanced,39,19,12,19,73,94,16,9,2,B,9,13,37,13,11,D
659,<18,Male,Intermediate,10,14,3,45,63,33,18,5,1,C,1,36,33,17,26,R
660,31-45,Male,Beginner,47,24,4,66,42,69,90,8,0,A,3,7,7,18,0,D
661,>60,Male,Advanced,31,26,25,64,16,44,69,6,1,B,5,12,35,13,0,D
662,18-30,Female,Advanced,35,20,21,57,58,57,98,6,0,C,6,12,20,19,14,D
663,<18,Female,Advanced,32,4,3,52,22,50,100,7,4,C,15,27,45,5,16,D
664,31-45,Female,Intermediate,23,5,17,0,6,33,33,6,1,C,6,17,42,7,1,R
665,31-45,Male,Intermediate,38,16,5,80,43,43,83,8,4,B,17,18,27,6,16,D
666,<18,Female,Advanced,33,0,23,65,52,14,24,10,2,C,18,31,45,19,19,R
667,>60,Female,Beginner,27,30,23,28,70,77,67,8,0,B,8,21,43,17,25,R
668,<18,Male,Beginner,36,24,22,83,78,69,73,5,2,C,9,1,47,17,8,D
669,18-30,Male,Intermediate,6,18,21,69,33,49,73,6,0,A,12,12,5,14,11,D
670,<18,Female,Beginner,3,3,1,7,45,100,87,1,4,C,17,22,19,19,3,D
671,31-45,Female,Intermediate,36,16,22,28,67,31,84,8,3,A,15,24,30,18,12,D
672,<18,Female,Advanced,0,8,10,50,77,66,10,0,1,A,16,27,32,20,3,D
673,>60,Female,Intermediate,0,30,13,32,77,2,90,0,4,A,12,10,43,20,6,R
674,46-60,Male,Intermediate,46,23,4,2,15,85,15,2,0,B,11,32,6,1,13,D
675,<18,Female,Advanced,19,1,5,59,70,85,89,5,0,A,9,23,7,7,26,R
676,>60,Female,Beginner,18,7,9,34,95,73,60,4,0,C,0,1,8,20,8,R
677,>60,Male,Intermediate,28,14,7,68,18,50,93,1,0,B,7,29,1,10,22,R
678,31-45,Female,Intermediate,9,6,13,90,1,66,79,8,1,A,17,16,16,17,0,R
679,>60,Male,Advanced,17,26,23,75,9,75,6,9,2,B,1,33,44,12,0,D
680,>60,Male,Beginner,27,5,2,83,49,92,15,3,3,B,15,21,36,8,19,D
681,>60,Male,Intermediate,34,0,11,19,80,47,98,3,1,B,11,4,41,8,3,R
682,>60,Female,Advanced,42,14,15,72,100,16,15,4,0,C,8,15,43,16,0,R
683,18-30,Female,Intermediate,46,22,22,38,11,6,39,7,1,A,2,12,16,6,21,D
684,18-30,Male,Advanced,30,25,16,3,69,12,11,9,4,B,3,25,37,8,9,R
685,31-45,Female,Beginner,26,6,0,18,21,65,34,3,0,B,1,30,34,0,1,D
686,<18,Female,Beginner,10,28,22,90,31,3,20,4,3,B,7,22,46,1,26,R
687,>60,Male,Beginner,48,29,9,44,83,9,49,3,0,A,9,11,38,3,20,D
688,<18,Male,Beginner,48,24,24,42,0,87,42,5,3,B,15,13,29,13,23,R
689,<18,Female,Intermediate,37,16,22,12,53,16,99,2,3,B,10,17,5,3,14,R
690,31-45,Male,Intermediate,4,1,9,12,57,51,16,7,2,C,17,26,3,1,2,R
691,>60,Female,Beginner,7,26,20,59,69,5,31,5,2,A,13,27,50,7,24,D
692,>60,Female,Beginner,33,8,23,56,82,82,40,9,1,C,7,17,36,17,22,D
693,46-60,Female,Beginner,47,28,1,85,17,68,5,4,1,A,14,15,34,18,8,D
694,<18,Female,Intermediate,11,8,8,91,5,95,87,1,3,A,16,15,8,13,16,R
695,<18,Male,Beginner,37,12,21,51,44,73,26,9,0,A,17,12,5,19,20,R
696,18-30,Male,Beginner,0,5,12,52,96,8,19,9,4,C,5,28,12,9,27,R
697,46-60,Male,Beginner,30,5,24,85,22,90,24,6,4,C,13,8,21,16,12,R
698,18-30,Male,Advanced,3,19,15,42,22,76,65,1,0,C,2,25,27,7,2,R
699,18-30,Female,Beginner,48,19,17,82,25,82,8,0,0,C,6,27,29,13,3,R
700,18-30,Female,Advanced,44,20,18,71,76,20,91,6,2,B,14,12,35,20,3,D
701,31-45,Male,Advanced,49,2,11,71,6,23,52,4,4,B,15,35,1,7,10,D
702,31-45,Female,Beginner,4,16,7,41,78,3,60,0,3,B,15,8,35,4,27,D
703,18-30,Female,Advanced,29,30,16,89,43,23,37,3,1,A,7,13,7,15,6,R
704,46-60,Female,Beginner,23,16,14,25,26,58,2,3,2,B,6,11,44,7,25,D
705,<18,Male,Intermediate,2,11,9,22,25,98,83,9,4,A,5,31,41,9,10,R
706,46-60,Male,Intermediate,10,15,14,42,96,2,69,6,0,C,1,2,49,7,23,R
707,>60,Male,Intermediate,44,14,14,76,78,67,96,8,4,A,12,15,8,8,10,D
708,31-45,Female,Intermediate,3,12,22,27,35,100,54,1,3,A,11,19,0,17,9,R
709,<18,Male,Advanced,25,22,6,8,54,39,0,0,2,B,14,31,12,2,4,R
710,<18,Male,Beginner,26,0,12,19,63,47,100,1,0,C,8,22,49,16,12,R
711,>60,Male,Beginner,45,16,16,55,90,53,69,6,3,C,1,16,14,19,28,R
712,>60,Male,Beginner,42,2,8,82,56,34,44,9,1,B,16,15,31,14,11,R
713,18-30,Male,Intermediate,26,25,7,38,68,94,97,5,2,C,4,7,33,20,9,D
714,31-45,Male,Intermediate,41,14,19,50,60,55,46,3,3,C,10,18,42,16,6,D
715,31-45,Female,Beginner,50,3,25,11,1,88,78,0,3,C,18,29,30,7,18,R
716,46-60,Female,Intermediate,49,3,20,78,54,39,25,0,0,B,6,33,13,1,18,R
717,18-30,Male,Beginner,5,17,17,94,96,76,13,4,1,C,1,13,46,16,18,D
718,18-30,Male,Beginner,14,16,12,54,79,67,53,0,3,A,15,21,13,17,11,D
719,18-30,Female,Beginner,29,18,15,77,86,45,70,6,2,A,11,16,47,4,19,D
720,18-30,Female,Beginner,41,10,8,10,37,77,45,10,3,C,14,14,28,8,21,R
721,31-45,Male,Beginner,36,19,11,25,79,12,30,0,4,B,0,31,46,8,14,D
722,31-45,Male,Beginner,36,2,11,41,77,26,87,0,2,B,12,12,18,1,4,D
723,18-30,Male,Beginner,41,7,5,26,28,5,58,1,2,B,5,20,26,1,23,R
724,46-60,Male,Intermediate,36,13,18,10,25,16,94,10,3,C,12,32,8,18,29,R
725,<18,Female,Beginner,34,25,6,37,34,35,28,9,0,C,17,26,36,2,13,D
726,<18,Male,Beginner,22,0,24,97,78,98,95,2,2,A,2,34,36,16,11,R
727,46-60,Male,Intermediate,5,13,2,42,66,80,16,10,4,B,0,15,42,13,28,D
728,18-30,Male,Intermediate,3,1,15,18,86,1,13,0,0,A,14,27,27,13,20,D
729,31-45,Male,Intermediate,17,28,17,63,28,76,35,8,0,A,12,33,23,13,10,R
730,<18,Female,Beginner,8,22,15,5,33,51,57,9,0,B,4,0,27,5,27,R
731,>60,Female,Advanced,48,3,22,45,96,65,23,7,2,C,12,30,35,2,4,D
732,>60,Female,Advanced,28,23,6,41,40,51,62,4,0,C,4,35,17,0,15,R
733,46-60,Male,Intermediate,12,26,3,91,40,91,90,10,3,A,18,32,24,15,29,R
734,18-30,Male,Advanced,46,28,24,64,22,42,24,1,0,A,17,32,34,3,25,R
735,<18,Female,Intermediate,16,18,7,98,70,89,58,4,4,A,9,17,3,0,17,R
736,18-30,Male,Beginner,44,5,12,71,2,21,31,5,1,A,7,22,13,16,11,R
737,<18,Male,Advanced,31,24,12,58,57,54,81,0,4,B,14,22,38,17,26,R
738,46-60,Female,Beginner,47,0,16,51,31,66,17,10,2,A,3,14,25,7,26,R
739,46-60,Female,Advanced,21,16,16,46,30,98,36,3,0,A,1,25,7,1,4,D
740,>60,Female,Beginner,3,7,4,6,81,59,25,8,0,C,5,29,23,17,15,R
741,18-30,Female,Advanced,4,18,5,10,42,57,8,1,3,C,2,24,15,15,30,D
742,>60,Male,Beginner,36,20,18,60,6,11,98,4,0,C,6,15,19,9,11,R
743,18-30,Male,Beginner,40,0,12,67,0,87,63,0,4,B,9,13,14,7,22,D
744,>60,Female,Advanced,48,4,24,24,60,68,71,3,2,B,5,16,6,11,1,R
745,31-45,Male,Beginner,12,26,25,11,13,83,19,3,1,C,15,11,16,15,29,D
746,31-45,Female,Beginner,33,15,13,25,51,38,53,5,0,C,1,28,21,11,28,R
747,31-45,Female,Beginner,44,5,21,11,95,12,85,9,1,A,16,31,21,10,5,D
748,31-45,Male,Advanced,21,7,3,42,5,40,82,8,0,A,12,23,11,19,22,R
749,<18,Female,Advanced,22,12,6,50,9,56,29,2,2,B,0,12,17,18,20,R
750,31-45,Male,Beginner,50,15,7,36,70,52,52,8,4,B,5,19,45,0,24,D
751,46-60,Male,Beginner,2,29,24,45,89,11,91,5,2,A,4,14,46,2,29,D
752,46-60,Male,Advanced,41,2,12,52,97,12,98,6,1,C,12,3,14,11,3,R
753,<18,Male,Advanced,33,18,5,87,29,73,62,9,0,A,17,33,36,8,29,D
754,31-45,Female,Beginner,31,11,5,79,99,96,10,1,1,B,11,27,15,20,29,D
755,31-45,Male,Beginner,44,15,23,12,20,56,30,10,4,B,6,1,4,4,12,R
756,31-45,Female,Beginner,50,26,20,88,59,39,48,9,2,A,14,29,1,0,9,D
757,>60,Female,Intermediate,48,10,2,53,80,79,99,5,1,A,2,25,27,9,30,R
758,18-30,Female,Advanced,20,9,2,56,96,44,93,5,1,A,15,25,40,16,16,D
759,>60,Female,Intermediate,45,24,12,3,73,34,86,1,4,B,0,19,26,3,13,R
760,18-30,Male,Advanced,43,19,21,74,62,2,18,1,0,C,15,27,30,14,23,D
761,31-45,Male,Advanced,20,30,1,95,41,4,11,1,1,A,11,19,40,18,14,R
762,31-45,Female,Advanced,43,3,15,48,50,89,14,9,4,B,18,10,35,7,7,R
763,>60,Female,Advanced,10,11,21,6,63,10,30,0,0,B,7,9,46,14,22,D
764,>60,Male,Advanced,38,22,5,10,75,70,42,4,0,B,11,22,42,6,23,D
765,18-30,Female,Advanced,3,1,7,91,55,55,100,7,2,A,14,36,0,14,17,R
766,46-60,Male,Advanced,50,23,22,53,79,9,36,1,4,A,1,18,49,7,2,R
767,18-30,Female,Intermediate,0,21,7,86,40,33,78,4,0,C,16,17,28,9,24,D
768,>60,Male,Beginner,27,18,24,44,31,66,28,7,2,B,6,26,0,17,16,D
769,>60,Female,Beginner,23,24,5,22,14,71,25,9,3,A,12,5,7,3,23,D
770,<18,Female,Intermediate,34,4,13,27,61,30,1,4,4,B,0,9,15,14,23,D
771,>60,Male,Intermediate,12,7,2,56,26,74,83,1,3,B,5,1,27,10,6,D
772,<18,Female,Intermediate,46,6,9,25,27,70,14,2,0,C,12,23,21,2,12,D
773,46-60,Female,Intermediate,33,13,2,24,80,65,3,5,4,A,10,27,17,14,29,R
774,18-30,Male,Advanced,10,23,11,53,63,69,85,10,2,A,9,27,21,2,26,D
775,18-30,Female,Beginner,35,22,16,28,58,40,49,10,0,B,15,1,40,14,15,D
776,<18,Male,Advanced,50,2,4,82,57,62,37,4,4,B,16,4,11,5,4,D
777,18-30,Male,Beginner,16,17,19,96,1,31,22,10,4,C,16,10,18,0,3,D
778,>60,Female,Beginner,34,15,24,35,35,19,58,3,3,C,3,9,24,13,25,R
779,31-45,Female,Intermediate,17,22,8,13,70,56,89,3,0,C,4,1,49,15,9,R
780,<18,Female,Advanced,39,18,20,77,12,97,74,4,2,C,13,14,4,0,12,R
781,18-30,Female,Intermediate,21,18,25,34,14,49,27,1,2,C,9,36,33,20,30,R
782,<18,Female,Advanced,23,17,19,29,88,79,65,8,0,C,13,6,38,16,9,D
783,<18,Female,Beginner,18,19,6,91,86,24,7,1,0,B,0,19,9,7,13,R
784,31-45,Female,Intermediate,36,15,21,16,59,11,28,9,1,C,10,33,46,17,25,D
785,>60,Male,Intermediate,38,7,3,66,21,70,10,1,3,B,17,34,6,15,21,D
786,<18,Female,Beginner,20,27,12,79,62,38,100,9,0,B,15,33,36,5,11,R
787,18-30,Male,Beginner,7,0,12,29,89,16,17,8,0,A,17,21,46,9,26,R
788,46-60,Female,Beginner,27,16,9,92,96,44,54,2,1,B,7,30,14,9,0,D
789,<18,Female,Intermediate,4,11,17,44,74,10,49,9,1,B,9,22,41,4,28,R
790,<18,Male,Advanced,16,29,16,78,73,69,13,6,4,C,9,18,23,11,20,R
791,31-45,Female,Intermediate,36,20,19,88,24,22,73,3,2,B,4,3,25,19,29,D
792,>60,Female,Advanced,35,10,19,50,100,90,98,5,3,C,9,23,25,16,19,D
793,46-60,Male,Intermediate,18,4,12,46,47,69,8,3,4,C,17,19,45,13,19,D
794,18-30,Female,Intermediate,26,26,16,52,42,37,98,9,0,C,5,27,25,13,6,D
795,46-60,Female,Beginner,33,11,21,63,37,1,10,6,1,A,2,16,9,2,8,D
796,18-30,Female,Advanced,10,16,3,37,40,85,62,0,2,C,7,18,16,11,7,R
797,>60,Male,Intermediate,44,5,0,63,44,83,75,2,4,B,8,34,13,19,26,D
798,18-30,Female,Intermediate,46,0,0,86,87,88,66,2,2,C,4,31,1,17,12,D
799,31-45,Female,Beginner,11,4,14,88,39,78,52,0,1,C,1,34,47,11,13,D
800,31-45,Female,Beginner,20,24,12,6,96,92,38,5,4,C,1,29,12,1,11,R
801,31-45,Female,Advanced,10,27,16,21,16,71,77,10,4,A,6,16,26,1,7,D
802,31-45,Male,Intermediate,38,13,23,80,87,36,55,8,2,B,16,28,8,16,20,D
803,46-60,Male,Advanced,27,4,25,81,100,48,27,7,1,A,9,5,6,9,21,R
804,>60,Female,Intermediate,4,21,7,40,56,51,74,10,0,B,11,16,47,17,17,D
805,18-30,Female,Advanced,16,23,17,73,1,32,38,6,4,A,1,16,9,18,15,D
806,18-30,Male,Beginner,19,26,12,9,95,21,24,9,0,B,9,13,8,20,28,D
807,31-45,Male,Intermediate,40,0,22,56,61,4,20,7,1,A,0,23,21,0,10,R
808,31-45,Female,Advanced,45,29,13,6,87,17,9,5,4,C,3,36,22,3,15,R
809,<18,Male,Beginner,11,17,7,49,8,37,42,8,4,A,12,31,6,3,13,D
810,>60,Female,Beginner,5,15,7,90,67,36,14,2,0,A,11,35,47,1,2,D
811,46-60,Male,Advanced,16,8,25,51,80,93,82,9,3,C,10,36,8,18,20,D
812,18-30,Male,Intermediate,50,18,14,32,16,94,47,9,0,C,9,13,26,20,1,R
813,<18,Male,Intermediate,18,21,12,0,49,63,85,8,0,B,14,26,23,11,2,R
814,<18,Male,Beginner,25,4,6,52,93,9,20,3,3,B,4,18,28,9,3,R
815,18-30,Female,Intermediate,47,26,4,59,39,78,59,6,1,B,16,30,16,12,21,R
816,46-60,Male,Intermediate,43,1,16,33,57,41,95,8,1,A,4,8,19,19,4,R
817,<18,Male,Intermediate,43,29,24,3,74,47,49,1,4,B,1,16,6,14,9,R
818,<18,Female,Beginner,31,14,15,16,84,43,22,1,2,A,8,18,42,2,19,D
819,>60,Male,Advanced,5,6,22,3,20,81,12,8,2,A,5,3,39,19,28,R
820,46-60,Male,Intermediate,35,3,1,42,17,86,68,2,4,B,17,10,6,12,30,D
821,<18,Female,Beginner,37,0,21,89,54,96,3,8,2,B,13,21,27,7,1,R
822,46-60,Male,Beginner,10,12,17,3,28,15,91,4,0,A,18,3,18,6,11,D
823,18-30,Female,Advanced,32,19,16,0,23,53,77,5,0,C,13,16,19,7,26,R
824,31-45,Female,Intermediate,23,21,6,70,73,34,71,1,3,C,7,7,43,17,4,D
825,<18,Female,Intermediate,22,6,12,93,16,97,8,7,3,A,16,33,38,8,4,D
826,>60,Female,Advanced,14,14,17,49,17,27,34,10,4,B,2,10,39,5,26,D
827,18-30,Male,Advanced,26,22,13,72,41,1,100,8,4,A,9,30,6,3,22,R
828,46-60,Female,Beginner,10,13,17,60,83,93,20,1,4,A,16,10,5,14,0,R
829,18-30,Male,Beginner,50,22,12,34,100,12,57,5,0,B,10,20,24,4,3,R
830,<18,Male,Advanced,49,18,10,7,44,40,17,5,2,C,7,29,40,4,26,D
831,46-60,Male,Intermediate,16,21,20,23,81,79,96,7,4,A,0,9,12,6,20,D
832,31-45,Male,Beginner,50,28,20,82,16,58,71,9,4,C,12,25,38,8,23,D
833,18-30,Male,Beginner,13,23,15,35,72,68,80,4,0,C,3,26,39,6,11,R
834,<18,Male,Intermediate,26,19,22,49,13,91,42,8,0,B,6,7,21,8,30,R
835,>60,Male,Beginner,17,28,16,42,48,52,94,0,0,A,13,7,48,19,11,D
836,46-60,Male,Intermediate,27,23,7,26,28,44,97,8,2,A,4,7,16,9,15,R
837,18-30,Male,Intermediate,50,17,18,31,94,19,5,9,4,C,10,33,47,3,23,R
838,18-30,Male,Intermediate,46,30,19,77,3,23,85,6,1,C,16,15,21,5,16,R
839,31-45,Female,Advanced,46,9,14,17,81,60,77,3,1,B,4,12,33,13,20,R
840,31-45,Female,Advanced,3,8,8,27,19,90,66,2,4,C,2,22,7,8,9,D
841,>60,Female,Advanced,6,24,19,28,46,93,11,9,4,B,4,11,48,0,16,R
842,>60,Male,Intermediate,44,7,9,15,8,57,99,10,4,A,14,26,44,16,16,R
843,<18,Female,Intermediate,34,25,11,98,76,26,11,5,4,B,18,21,17,12,17,D
844,<18,Female,Advanced,47,29,20,46,78,25,65,0,2,C,15,31,23,6,1,D
845,>60,Female,Beginner,8,28,22,58,26,6,1,2,1,A,7,26,41,8,30,R
846,>60,Male,Intermediate,7,9,19,30,14,41,14,1,3,B,12,1,1,10,30,R
847,46-60,Male,Beginner,44,16,0,3,91,46,22,10,1,A,15,32,1,2,24,R
848,31-45,Male,Beginner,16,1,24,36,100,52,28,8,1,B,2,25,26,11,3,R
849,<18,Male,Intermediate,16,5,19,16,18,58,80,2,0,C,0,27,13,20,18,D
850,31-45,Female,Intermediate,48,25,8,38,89,37,95,1,4,C,8,18,47,2,10,D
851,31-45,Female,Beginner,32,4,21,47,51,68,6,3,4,A,8,4,38,14,16,D
852,>60,Female,Beginner,31,27,14,45,25,86,93,1,4,A,16,32,11,20,11,R
853,46-60,Female,Advanced,7,29,0,89,88,91,27,0,0,A,1,19,31,9,1,R
854,18-30,Male,Advanced,18,8,11,47,25,97,13,5,2,B,8,29,27,0,5,D
855,46-60,Male,Intermediate,37,4,2,38,25,52,43,9,2,C,18,7,27,13,8,R
856,46-60,Male,Advanced,2,17,10,3,45,14,29,7,3,A,12,16,45,19,4,D
857,31-45,Female,Advanced,4,25,1,29,91,95,80,9,2,A,4,0,24,5,19,D
858,46-60,Male,Advanced,12,19,15,29,48,25,31,9,2,A,8,2,3,1,28,D
859,<18,Male,Advanced,46,8,8,21,81,47,69,1,4,B,12,25,25,7,20,D
860,31-45,Female,Beginner,45,16,14,74,95,94,87,8,1,A,0,30,35,0,8,D
861,<18,Female,Intermediate,30,26,11,65,52,18,5,2,2,A,14,7,49,3,27,D
862,18-30,Male,Advanced,15,16,0,11,2,8,26,7,2,B,3,7,2,3,28,D
863,31-45,Male,Beginner,49,11,12,93,65,63,81,7,0,B,3,34,0,4,22,R
864,18-30,Male,Beginner,31,6,13,35,96,92,87,2,3,A,9,27,16,19,7,D
865,31-45,Male,Beginner,21,26,24,17,41,53,100,2,0,A,5,3,6,8,30,D
866,>60,Male,Advanced,28,2,24,89,18,50,23,5,4,B,11,15,47,12,19,R
867,46-60,Male,Advanced,21,9,7,52,16,38,33,0,1,C,15,12,4,17,26,D
868,>60,Female,Intermediate,42,1,7,70,32,3,39,3,3,B,2,19,18,16,7,R
869,18-30,Female,Advanced,2,24,11,0,75,2,46,0,0,C,13,4,38,0,21,D
870,46-60,Female,Advanced,9,2,0,57,48,63,78,2,2,A,0,36,45,14,20,R
871,31-45,Male,Beginner,41,15,10,89,55,28,74,8,2,A,9,19,33,1,28,R
872,46-60,Female,Intermediate,20,1,7,86,62,10,85,4,3,C,14,23,34,15,27,R
873,<18,Male,Advanced,15,27,9,89,2,96,23,4,2,B,6,35,48,19,22,D
874,46-60,Male,Advanced,11,23,18,5,48,57,64,10,0,A,3,33,15,4,5,R
875,<18,Female,Beginner,1,9,10,69,54,74,17,3,0,C,13,33,39,18,2,D
876,46-60,Male,Beginner,40,5,6,43,25,26,43,2,2,B,15,18,49,4,4,D
877,<18,Male,Advanced,23,21,10,71,98,96,75,4,2,C,13,16,46,1,8,D
878,18-30,Female,Intermediate,34,25,16,23,71,20,56,10,4,B,2,4,38,6,6,D
879,>60,Female,Intermediate,29,10,0,85,51,38,27,3,1,B,16,24,26,2,27,D
880,31-45,Female,Beginner,29,22,25,18,99,94,70,7,3,B,13,17,40,16,3,D
881,46-60,Male,Beginner,46,6,20,100,6,45,22,3,0,B,17,7,37,2,6,D
882,>60,Female,Advanced,34,26,20,17,45,65,84,10,3,C,2,26,49,12,4,R
883,31-45,Female,Beginner,18,28,7,94,45,90,33,7,4,C,18,14,49,6,10,D
884,31-45,Male,Advanced,49,14,22,100,99,35,10,5,0,C,2,12,24,2,28,D
885,<18,Female,Intermediate,7,5,23,29,15,74,85,10,4,C,11,15,25,14,14,R
886,18-30,Female,Intermediate,25,19,5,41,23,81,34,4,4,C,4,21,13,17,1,D
887,18-30,Female,Advanced,48,26,21,32,60,64,92,3,2,B,9,19,13,9,12,R
888,>60,Male,Beginner,39,8,17,73,53,62,41,3,3,A,8,12,13,6,21,R
889,18-30,Male,Intermediate,6,21,5,100,61,98,27,3,3,A,0,19,24,8,15,D
890,46-60,Male,Beginner,29,19,4,11,0,34,81,10,2,C,12,1,35,4,6,D
891,18-30,Male,Intermediate,6,11,12,93,48,30,77,8,3,C,2,34,3,19,7,R
892,>60,Female,Advanced,2,18,18,26,24,27,81,3,2,A,18,18,46,7,5,D
893,18-30,Male,Advanced,0,19,21,38,9,0,91,8,0,B,10,36,14,13,23,R
894,46-60,Male,Advanced,35,2,7,8,79,24,23,9,4,C,15,5,31,3,6,R
895,<18,Female,Intermediate,24,14,8,20,15,42,7,5,4,B,5,13,17,19,17,D
896,>60,Female,Beginner,36,1,16,75,57,83,52,9,3,A,2,3,13,13,29,R
897,<18,Female,Beginner,0,29,2,28,71,66,71,6,1,A,18,21,0,11,21,D
898,<18,Male,Beginner,14,20,18,32,28,62,3,9,4,C,5,35,41,1,24,D
899,<18,Male,Intermediate,36,1,10,61,91,50,90,2,2,B,7,33,19,12,27,R
900,31-45,Male,Intermediate,12,21,23,14,5,1,99,7,1,C,12,26,9,0,21,R
901,31-45,Female,Intermediate,39,2,16,1,15,81,4,2,1,A,11,6,9,19,19,D
902,<18,Female,Intermediate,7,5,20,51,19,63,96,0,4,B,9,2,23,6,6,D
903,>60,Male,Intermediate,4,14,18,43,79,73,48,9,4,C,2,32,33,8,2,D
904,46-60,Female,Beginner,8,26,1,53,70,68,97,4,4,C,3,1,27,16,4,R
905,46-60,Female,Intermediate,0,9,7,17,77,8,29,1,2,C,0,15,26,20,0,D
906,18-30,Female,Intermediate,35,8,18,2,42,1,71,9,1,A,12,24,39,12,14,R
907,>60,Male,Beginner,34,0,6,6,25,33,62,5,3,C,3,14,0,9,25,R
908,31-45,Female,Intermediate,1,15,16,42,89,59,46,9,2,B,10,23,32,15,2,R
909,<18,Female,Beginner,39,5,5,81,77,60,25,8,0,C,18,14,3,5,7,D
910,18-30,Male,Beginner,22,8,18,37,70,30,56,0,4,A,10,30,6,15,24,R
911,46-60,Male,Advanced,8,26,23,36,32,9,36,3,1,C,11,13,8,10,8,D
912,31-45,Female,Advanced,33,3,5,57,25,75,97,0,2,A,10,13,15,19,14,R
913,31-45,Female,Advanced,45,26,1,32,44,35,6,0,0,A,5,5,4,2,9,D
914,<18,Male,Advanced,13,27,5,58,83,84,39,7,2,B,11,13,33,8,1,D
915,46-60,Male,Intermediate,3,1,22,94,62,48,91,10,2,B,8,16,22,14,19,R
916,>60,Female,Advanced,29,28,4,10,66,69,38,1,3,C,9,17,42,12,4,D
917,31-45,Female,Beginner,30,3,18,67,51,48,61,0,3,A,2,19,49,9,30,R
918,<18,Female,Intermediate,37,0,19,81,67,2,91,10,2,A,2,16,24,19,18,R
919,>60,Female,Advanced,10,18,3,67,25,73,77,7,0,B,15,15,50,12,12,R
920,46-60,Male,Beginner,34,25,21,97,74,4,52,3,1,B,2,31,12,16,10,R
921,31-45,Female,Intermediate,7,24,25,92,1,89,3,2,1,C,9,8,23,6,0,R
922,>60,Female,Intermediate,2,9,16,87,13,60,81,3,4,A,10,26,10,5,21,R
923,>60,Male,Advanced,13,20,10,21,29,84,24,10,4,B,7,32,50,12,29,R
924,>60,Female,Intermediate,12,14,3,65,48,89,6,4,1,C,5,9,16,16,14,D
925,31-45,Male,Beginner,44,26,25,43,11,25,27,0,2,A,10,16,36,14,25,R
926,31-45,Female,Intermediate,31,21,12,5,89,71,68,10,2,A,11,35,12,3,17,R
927,18-30,Female,Beginner,33,18,19,41,43,4,66,0,3,B,15,16,26,14,15,D
928,46-60,Male,Intermediate,44,15,25,24,32,14,94,2,3,C,17,17,19,13,8,D
929,<18,Male,Advanced,18,20,16,56,12,15,19,5,4,B,12,22,32,20,0,R
930,>60,Female,Beginner,37,26,8,84,77,0,82,0,1,C,2,33,41,10,10,R
931,18-30,Female,Intermediate,15,23,3,54,87,15,10,10,2,A,14,7,31,3,8,R
932,<18,Female,Intermediate,1,21,22,15,97,36,66,1,1,C,13,12,7,2,22,D
933,18-30,Male,Intermediate,39,3,13,94,25,2,86,6,0,C,17,22,28,1,10,R
934,31-45,Female,Beginner,16,1,18,13,20,51,6,0,1,C,13,19,39,19,12,D
935,>60,Male,Beginner,33,29,25,38,27,46,22,6,0,C,4,21,18,9,25,R
936,<18,Male,Beginner,41,24,2,27,47,94,60,3,3,C,13,22,5,12,1,R
937,<18,Female,Advanced,15,12,13,95,99,12,70,9,3,B,7,34,43,19,13,D
938,<18,Male,Advanced,37,27,7,91,39,79,33,5,4,C,14,2,38,20,5,R
939,<18,Female,Beginner,1,0,23,50,65,54,18,7,1,C,14,33,47,17,7,R
940,<18,Female,Intermediate,1,16,0,48,72,20,57,8,1,A,18,32,40,20,30,R
941,18-30,Female,Advanced,25,12,9,8,86,65,8,5,0,C,5,16,20,15,17,D
942,>60,Female,Beginner,12,3,17,57,78,53,47,10,3,A,18,18,21,10,15,R
943,31-45,Female,Intermediate,46,6,15,44,76,26,81,8,0,B,7,29,41,9,30,R
944,31-45,Male,Advanced,30,16,7,21,22,37,40,3,3,B,5,22,9,8,20,D
945,31-45,Male,Intermediate,33,8,0,31,80,89,47,5,0,C,14,14,9,11,28,D
946,31-45,Female,Intermediate,38,3,11,68,47,57,44,7,3,B,2,13,28,18,11,R
947,18-30,Female,Intermediate,2,18,7,86,1,61,24,8,0,C,9,1,15,0,10,R
948,46-60,Male,Intermediate,7,0,23,68,83,45,77,2,3,B,14,17,0,17,5,D
949,>60,Male,Advanced,22,9,15,41,19,88,24,1,0,C,15,5,16,13,2,R
950,<18,Male,Advanced,13,3,17,52,58,10,18,5,1,C,16,31,29,20,13,R
951,46-60,Male,Advanced,26,8,3,95,45,71,38,3,4,A,18,20,25,0,27,D
952,31-45,Female,Beginner,28,12,5,58,2,7,78,0,0,A,10,27,45,16,1,R
953,46-60,Female,Advanced,38,13,11,73,54,96,79,7,4,A,15,26,18,10,30,R
954,>60,Male,Intermediate,38,9,8,38,11,70,26,8,1,A,4,1,20,19,10,D
955,<18,Female,Advanced,0,5,14,14,39,63,73,8,1,C,4,32,16,14,21,R
956,<18,Male,Intermediate,16,15,15,70,65,20,62,1,3,B,13,15,45,3,2,R
957,>60,Female,Beginner,40,5,23,28,99,71,67,8,4,C,17,21,39,14,17,R
958,>60,Male,Intermediate,29,16,11,2,77,62,18,6,2,A,7,12,20,13,30,D
959,31-45,Female,Intermediate,12,9,23,82,15,84,27,4,3,A,4,1,40,0,0,R
960,<18,Male,Intermediate,20,17,22,9,82,63,84,6,4,B,6,13,39,8,29,D
961,46-60,Male,Beginner,18,26,13,91,33,19,77,8,0,A,15,27,44,6,23,D
962,18-30,Female,Advanced,18,21,12,28,43,7,32,7,0,C,13,6,48,10,0,R
963,18-30,Male,Advanced,24,17,24,78,5,57,9,5,1,C,4,17,18,1,11,D
964,>60,Female,Beginner,21,2,1,34,76,45,82,3,2,C,8,35,6,1,14,R
965,31-45,Female,Intermediate,30,19,2,5,63,30,29,0,0,C,3,35,16,5,4,R
966,18-30,Male,Advanced,16,26,25,11,99,92,21,5,4,C,3,3,0,18,26,R
967,<18,Female,Beginner,22,20,23,37,21,8,2,2,4,B,15,29,36,19,5,D
968,>60,Female,Advanced,31,30,21,76,17,14,100,5,0,C,16,23,5,13,15,R
969,46-60,Female,Beginner,9,24,9,92,11,93,81,5,4,A,14,19,25,2,26,R
970,>60,Female,Intermediate,9,27,8,18,51,25,74,3,4,A,3,30,1,6,11,R
971,46-60,Female,Advanced,35,14,25,66,93,9,47,1,1,A,5,23,31,6,11,D
972,>60,Male,Beginner,7,14,19,7,50,28,1,8,2,A,15,6,47,3,2,D
973,>60,Female,Advanced,19,3,7,7,70,79,75,1,1,B,3,25,4,4,29,R
974,>60,Female,Advanced,31,28,9,83,95,35,53,2,2,A,5,12,36,16,22,R
975,46-60,Female,Advanced,49,26,18,46,47,83,5,9,4,B,4,7,30,3,1,R
976,46-60,Female,Advanced,13,8,2,3,18,36,39,0,2,A,15,4,11,12,6,R
977,>60,Female,Beginner,49,26,23,50,5,85,92,6,4,B,15,12,34,15,1,D
978,18-30,Male,Intermediate,27,25,4,84,83,70,93,0,4,B,9,28,29,15,20,D
979,31-45,Female,Beginner,45,18,2,66,26,22,1,10,1,B,8,19,47,1,6,D
980,31-45,Male,Beginner,23,23,25,44,52,40,72,8,1,A,3,13,5,17,10,D
981,31-45,Male,Beginner,14,27,15,7,100,92,1,10,3,B,13,31,14,0,10,D
982,46-60,Male,Intermediate,21,16,16,86,47,79,92,10,0,C,3,26,14,17,13,D
983,46-60,Male,Advanced,29,10,14,15,6,27,96,0,3,C,11,24,15,7,2,D
984,18-30,Female,Advanced,3,24,2,76,58,47,73,4,3,A,9,3,19,10,13,R
985,31-45,Male,Advanced,12,8,11,66,68,37,97,6,2,C,3,20,12,14,10,R
986,31-45,Male,Intermediate,22,9,8,8,10,30,54,2,4,C,17,17,43,15,3,R
987,>60,Female,Advanced,7,17,20,59,14,13,71,8,4,C,12,14,41,16,16,R
988,46-60,Female,Intermediate,17,19,11,77,63,96,100,7,4,A,12,23,45,16,15,R
989,31-45,Female,Advanced,11,12,25,76,2,72,59,2,0,A,13,7,30,11,2,R
990,18-30,Male,Advanced,30,7,14,70,68,90,96,4,2,C,17,27,33,9,24,D
991,18-30,Female,Beginner,13,6,1,14,22,87,5,6,2,A,0,20,28,19,9,R
992,31-45,Female,Intermediate,33,16,22,70,52,76,18,3,4,B,15,15,2,5,20,D
993,46-60,Male,Beginner,17,20,17,97,36,89,95,4,3,C,14,15,8,7,30,R
994,18-30,Female,Beginner,33,22,19,40,8,28,26,2,0,A,4,34,10,12,14,D
995,>60,Female,Beginner,10,14,11,21,14,50,0,8,3,A,5,16,10,1,7,D
996,18-30,Female,Intermediate,40,19,22,23,2,48,32,9,1,C,5,8,24,18,17,R
997,<18,Female,Intermediate,11,14,3,100,92,42,39,8,2,A,2,34,21,9,2,R
998,<18,Male,Advanced,48,30,22,43,69,91,31,6,2,C,15,28,41,3,6,R
999,46-60,Female,Beginner,14,0,15,0,16,91,68,9,3,A,11,17,45,11,29,R
1000,31-45,Female,Advanced,30,24,22,9,25,71,16,1,0,B,3,11,8,17,9,R
