Player ID,Age Group,Gender,Skill Level,Errores No Forzados,Winners,Puntos Ganados de Remate,% Primeros Saques,% Segundos Saques,% Puntos Ganados con Primeros Saques,% Puntos Ganados con Segundos Saques,Dobles Faltas,Km Recorridos,Zonas de Calor,Puntos de Break,Puntos de Oro,Errores No Forzados de Fondo de Pista,Errores No Forzados en Red,% de Restos Fallados,Posici√≥n Preferente
1,18-30,Female,Advanced,16,27,2,17,17,29,60,0,0,C,3,12,48,2,12,R
2,46-60,Female,Intermediate,8,13,18,4,77,70,26,0,0,B,10,27,31,8,26,R
3,31-45,Female,Advanced,11,3,1,37,18,12,28,8,4,B,2,26,23,7,19,D
4,<18,Male,Intermediate,37,14,21,25,77,29,82,10,0,B,11,2,44,0,5,D
5,<18,Male,Advanced,47,19,8,33,6,22,99,9,4,A,7,35,2,13,24,R
6,18-30,Male,Advanced,1,18,10,18,64,88,43,6,2,B,1,11,50,9,8,D
7,>60,Male,Beginner,9,10,12,95,78,59,87,10,1,C,2,27,20,2,2,R
8,18-30,Female,Beginner,22,24,16,59,51,51,30,6,1,C,16,23,23,16,22,D
9,>60,Male,Beginner,31,10,1,5,84,61,29,5,0,A,2,13,46,5,28,R
10,>60,Female,Beginner,0,23,19,23,79,55,32,4,1,A,11,33,9,14,13,D
11,31-45,Male,Advanced,6,4,15,26,86,85,88,8,4,B,18,18,3,5,2,R
12,>60,Female,Advanced,48,11,15,21,23,6,47,9,0,A,7,15,16,10,8,D
13,<18,Male,Intermediate,48,2,14,92,73,9,59,2,4,C,4,13,9,6,23,R
14,31-45,Male,Advanced,45,12,5,57,7,53,91,3,2,A,18,34,26,14,10,R
15,18-30,Female,Intermediate,16,4,3,9,92,0,42,9,1,B,4,7,21,1,24,R
16,31-45,Male,Beginner,29,14,10,34,45,3,44,6,2,C,8,20,36,11,21,R
17,18-30,Female,Advanced,8,12,23,31,35,77,10,10,0,B,1,16,11,3,27,D
18,31-45,Female,Intermediate,23,27,14,9,87,75,81,5,4,B,18,23,12,0,13,D
19,>60,Female,Advanced,42,24,2,16,85,42,43,0,2,A,0,28,47,13,5,D
20,18-30,Female,Beginner,8,28,5,94,75,97,78,10,2,A,8,12,48,6,23,R
21,31-45,Female,Advanced,30,10,5,96,1,42,65,0,4,B,8,8,13,19,5,D
22,<18,Female,Beginner,23,13,24,16,38,18,20,1,2,B,14,13,50,10,7,D
23,<18,Male,Advanced,14,13,14,97,27,43,2,3,1,B,9,9,16,9,20,R
24,>60,Male,Beginner,42,30,17,80,6,62,93,7,4,A,9,16,28,10,17,D
25,46-60,Male,Beginner,11,18,2,78,36,94,18,8,1,A,18,1,10,10,2,D
26,18-30,Male,Intermediate,11,10,15,8,81,95,88,2,0,C,0,3,11,0,29,D
27,46-60,Male,Advanced,9,0,10,99,27,38,20,9,4,B,18,27,16,20,20,D
28,31-45,Male,Intermediate,4,0,2,90,47,36,87,8,2,C,12,0,4,12,20,R
29,>60,Female,Beginner,25,3,15,88,42,66,32,4,4,A,8,17,20,16,5,D
30,<18,Male,Advanced,28,19,25,45,46,30,83,2,3,B,8,30,22,15,20,D
31,>60,Male,Advanced,2,16,17,46,27,47,27,2,2,B,6,36,26,6,3,R
32,46-60,Female,Intermediate,45,8,20,42,78,23,21,7,0,B,5,0,8,12,29,R
33,18-30,Female,Beginner,4,5,19,62,62,84,85,3,1,A,16,16,18,6,20,R
34,>60,Female,Advanced,38,24,20,18,42,74,52,6,3,C,8,24,0,1,3,D
35,<18,Female,Beginner,7,21,3,62,49,32,31,9,3,C,12,9,21,10,30,R
36,46-60,Female,Advanced,45,0,11,59,14,15,88,6,3,B,3,22,35,3,13,D
37,<18,Female,Beginner,46,18,21,27,88,65,77,7,0,A,16,4,8,7,9,R
38,18-30,Female,Intermediate,42,18,8,7,18,21,58,8,1,C,4,34,11,4,10,D
39,31-45,Female,Beginner,29,29,17,58,63,75,16,3,4,B,8,36,4,16,3,D
40,>60,Male,Intermediate,11,4,16,22,35,57,93,9,0,B,0,22,46,16,4,R
41,31-45,Male,Intermediate,42,21,17,36,61,89,56,8,2,B,9,21,23,2,7,D
42,>60,Female,Intermediate,21,12,13,53,46,16,73,4,4,A,4,15,39,15,12,R
43,18-30,Female,Advanced,44,25,7,47,7,95,38,8,1,B,15,33,4,18,14,D
44,18-30,Male,Beginner,25,9,25,62,49,25,94,3,0,B,3,4,23,0,28,R
45,18-30,Female,Advanced,38,13,19,43,42,73,89,1,1,B,1,11,18,18,17,D
46,>60,Female,Advanced,0,27,24,27,98,31,34,0,0,A,11,33,24,9,10,R
47,>60,Male,Intermediate,13,12,25,26,66,61,5,9,4,C,1,17,35,12,22,R
48,46-60,Female,Intermediate,49,10,11,39,98,84,96,6,3,B,0,34,1,7,30,D
49,>60,Male,Advanced,23,14,18,34,39,88,35,9,1,A,3,3,39,2,29,R
50,46-60,Female,Advanced,11,14,11,86,87,18,28,6,1,C,11,4,49,0,11,D
51,<18,Male,Intermediate,41,11,13,7,1,79,45,2,1,A,3,13,22,3,16,D
52,18-30,Female,Intermediate,32,17,5,54,47,20,48,9,4,A,10,5,44,5,15,D
53,<18,Male,Beginner,29,4,12,79,93,32,52,1,1,C,10,5,25,17,0,R
54,46-60,Female,Advanced,43,29,16,56,18,60,9,1,3,C,2,31,27,20,2,D
55,18-30,Male,Advanced,13,20,24,77,25,64,76,3,4,A,12,20,30,17,21,R
56,46-60,Female,Advanced,39,20,18,98,86,20,38,0,3,C,14,17,13,2,19,D
57,18-30,Male,Advanced,29,27,1,47,35,81,55,1,4,B,17,35,34,5,7,R
58,31-45,Female,Intermediate,39,21,18,66,89,87,32,5,4,B,0,8,8,4,13,D
59,<18,Female,Beginner,4,25,13,49,94,8,44,9,4,C,12,34,48,12,25,R
60,>60,Female,Advanced,41,0,21,89,60,46,14,2,4,C,16,23,45,13,17,D
61,31-45,Female,Beginner,27,4,16,5,0,67,98,4,3,C,14,19,12,6,19,R
62,31-45,Male,Advanced,49,26,4,82,43,5,32,7,1,B,10,26,44,8,1,D
63,<18,Male,Intermediate,24,30,16,60,96,63,10,5,3,A,1,3,30,18,26,R
64,18-30,Male,Beginner,26,6,12,14,52,40,50,9,4,A,15,11,28,5,17,D
65,31-45,Male,Intermediate,36,22,2,0,53,68,87,5,0,C,3,22,39,17,24,D
66,>60,Male,Beginner,4,16,4,62,62,29,37,8,0,A,18,6,38,17,22,R
67,>60,Female,Intermediate,22,12,4,55,8,7,39,5,2,C,17,29,38,8,27,R
68,>60,Female,Intermediate,28,3,7,16,9,76,5,8,0,B,15,13,39,7,4,D
69,18-30,Female,Advanced,7,27,19,9,83,99,41,10,4,B,16,21,18,1,14,R
70,18-30,Male,Intermediate,2,11,23,87,18,62,6,6,0,A,4,8,1,13,28,D
71,<18,Male,Beginner,31,25,14,40,1,11,26,1,2,B,2,2,43,9,24,R
72,18-30,Male,Intermediate,33,7,11,80,76,76,30,9,3,C,12,22,2,13,16,D
73,46-60,Male,Intermediate,42,25,8,43,47,2,58,8,0,A,12,22,41,4,5,D
74,<18,Female,Beginner,46,27,22,20,90,79,28,3,0,A,13,28,48,1,10,D
75,46-60,Male,Advanced,44,22,9,13,91,36,83,3,1,B,15,13,5,5,8,D
76,>60,Female,Advanced,33,7,17,99,52,15,75,1,1,B,7,24,20,17,25,D
77,>60,Female,Intermediate,46,29,14,85,43,41,54,4,3,A,15,32,3,5,21,R
78,>60,Male,Intermediate,25,12,1,19,3,3,28,2,2,A,2,8,22,5,13,R
79,<18,Female,Intermediate,43,5,6,45,55,69,2,2,1,A,18,8,41,19,0,R
80,18-30,Male,Advanced,24,20,13,33,87,63,54,1,1,B,7,33,30,13,23,R
81,<18,Female,Beginner,33,7,2,31,40,7,77,9,2,B,16,16,50,12,26,D
82,31-45,Female,Beginner,42,16,19,24,78,82,20,2,3,C,1,26,27,2,9,R
83,18-30,Male,Beginner,46,26,12,55,63,50,83,5,2,B,8,3,3,0,2,D
84,46-60,Female,Advanced,27,29,10,56,9,4,29,2,4,B,7,15,1,7,10,D
85,>60,Male,Intermediate,10,20,6,36,37,65,90,1,3,A,13,9,8,0,15,R
86,18-30,Male,Intermediate,31,26,1,99,50,5,91,3,1,C,12,26,36,16,22,R
87,31-45,Female,Intermediate,24,22,20,45,33,71,92,2,1,A,18,28,31,7,5,R
88,18-30,Female,Beginner,1,30,18,26,6,46,17,8,0,A,18,30,19,6,0,D
89,46-60,Male,Beginner,38,23,4,95,81,12,73,4,4,C,3,23,16,17,20,D
90,46-60,Female,Advanced,34,10,10,44,19,77,9,10,3,C,7,32,39,5,20,D
91,<18,Female,Advanced,39,25,17,64,99,59,13,2,2,B,9,12,37,3,29,D
92,46-60,Male,Intermediate,50,17,16,1,78,68,52,2,2,A,14,26,27,12,25,R
93,46-60,Female,Beginner,50,30,17,66,27,67,38,7,2,A,0,27,38,20,5,R
94,46-60,Female,Intermediate,9,3,1,40,79,45,23,6,3,B,12,5,41,16,16,D
95,46-60,Male,Advanced,43,11,9,57,86,49,93,6,3,C,18,25,38,7,4,R
96,>60,Male,Intermediate,23,29,18,52,29,89,35,10,1,B,10,18,42,14,12,R
97,>60,Male,Beginner,10,9,25,26,47,49,9,2,4,C,2,21,47,5,11,R
98,31-45,Female,Beginner,8,28,8,10,94,79,23,1,0,B,3,28,32,12,2,D
99,<18,Male,Advanced,50,18,17,59,64,87,24,7,0,B,17,12,48,10,15,D
100,31-45,Female,Intermediate,17,0,25,32,0,46,84,1,2,A,2,2,49,11,13,D
101,46-60,Female,Advanced,9,21,2,5,93,25,68,6,1,C,18,4,45,1,6,D
102,31-45,Female,Intermediate,4,28,0,98,66,65,66,1,0,A,3,8,34,13,8,R
103,46-60,Female,Intermediate,22,20,18,72,99,36,28,5,1,C,8,3,50,6,14,D
104,31-45,Female,Advanced,12,9,16,98,7,41,86,9,1,C,14,8,18,0,12,D
105,46-60,Male,Beginner,47,26,22,54,5,74,80,5,1,A,7,8,35,8,9,R
106,18-30,Male,Beginner,46,10,21,80,94,4,79,3,2,A,12,11,36,12,24,D
107,46-60,Female,Advanced,6,0,13,83,1,32,37,2,0,B,16,18,26,17,5,D
108,46-60,Female,Beginner,27,13,21,90,17,49,80,8,4,B,12,19,41,4,14,R
109,>60,Male,Intermediate,39,3,16,23,92,84,92,9,1,B,12,20,11,17,0,R
110,18-30,Male,Intermediate,25,10,5,52,35,57,54,7,4,C,17,30,30,14,29,R
111,31-45,Female,Advanced,36,25,17,37,24,22,14,6,3,B,1,19,23,6,17,R
112,46-60,Female,Advanced,9,19,0,86,16,49,53,7,2,B,11,6,5,15,26,D
113,18-30,Female,Beginner,47,10,22,5,23,65,38,10,3,C,18,24,18,5,3,D
114,46-60,Male,Advanced,37,15,11,44,48,92,64,6,1,B,5,25,19,1,8,D
115,>60,Female,Beginner,37,1,5,49,31,30,15,1,1,C,10,28,50,15,22,R
116,18-30,Male,Intermediate,7,30,7,21,17,35,100,7,3,C,1,12,22,8,3,R
117,46-60,Male,Beginner,34,7,15,88,8,43,4,5,1,C,3,16,1,14,21,R
118,18-30,Male,Intermediate,49,18,11,47,34,87,52,2,3,A,1,25,24,20,9,R
119,>60,Female,Intermediate,2,25,0,94,89,27,57,2,0,C,6,7,16,18,5,R
120,46-60,Male,Intermediate,35,20,21,73,6,11,54,4,2,B,7,3,50,10,29,D
121,>60,Male,Intermediate,8,12,14,31,61,19,23,6,4,B,16,10,41,16,19,R
122,<18,Male,Intermediate,33,24,25,34,10,15,5,4,2,B,10,19,38,10,4,R
123,<18,Female,Intermediate,19,22,24,66,17,50,66,4,2,B,4,11,32,9,28,D
124,46-60,Female,Intermediate,35,16,22,78,79,10,52,0,3,C,3,35,47,7,6,R
125,>60,Male,Intermediate,0,19,13,43,94,94,90,9,0,B,7,5,26,19,11,R
126,31-45,Female,Advanced,44,27,4,9,74,100,56,5,3,A,5,30,18,3,23,D
127,>60,Male,Advanced,36,13,20,51,26,55,54,9,4,B,11,2,28,0,22,D
128,31-45,Male,Intermediate,42,13,16,56,68,36,30,2,0,B,13,19,40,3,18,D
129,46-60,Male,Intermediate,19,15,0,61,2,74,54,8,4,A,5,18,37,14,23,R
130,>60,Male,Advanced,47,7,2,22,11,62,65,5,2,C,7,15,22,9,8,D
131,<18,Male,Intermediate,31,19,9,5,97,93,33,1,4,A,6,2,0,3,4,R
132,>60,Male,Beginner,41,1,25,95,17,9,56,6,1,C,13,13,3,10,2,R
133,<18,Female,Advanced,48,9,19,74,33,61,22,0,0,A,12,0,45,7,22,R
134,46-60,Male,Beginner,39,8,10,68,59,70,99,4,0,C,8,21,23,16,20,D
135,31-45,Female,Advanced,13,24,7,15,39,89,13,7,3,B,4,36,20,19,22,R
136,46-60,Female,Advanced,40,23,14,99,80,69,20,0,1,C,16,26,27,1,10,D
137,18-30,Male,Advanced,42,14,7,60,97,89,8,7,4,B,10,30,8,10,23,R
138,18-30,Male,Intermediate,6,12,23,91,31,14,34,9,4,B,9,8,29,6,5,R
139,46-60,Male,Advanced,14,30,25,98,67,75,21,8,1,A,3,8,43,12,9,R
140,46-60,Male,Advanced,14,11,15,6,80,80,46,1,4,B,4,13,7,4,2,R
141,46-60,Male,Intermediate,18,26,15,37,100,89,49,0,0,C,14,35,11,6,4,R
142,<18,Male,Intermediate,14,8,8,24,54,17,95,7,2,B,15,31,44,11,11,D
143,<18,Male,Advanced,49,10,18,41,72,61,4,4,1,A,4,0,8,17,14,D
144,>60,Female,Beginner,28,6,13,77,68,11,19,9,4,A,12,18,1,10,22,D
145,>60,Male,Beginner,33,22,9,47,56,55,24,10,0,A,4,2,12,13,5,D
146,<18,Female,Advanced,29,29,1,22,82,99,41,7,0,A,11,7,33,15,19,D
147,46-60,Female,Advanced,40,15,22,97,11,72,99,2,3,C,12,31,43,5,28,D
148,18-30,Male,Intermediate,40,12,8,25,27,4,92,9,1,C,0,15,21,4,25,R
149,<18,Male,Advanced,4,25,24,95,71,58,5,9,3,A,8,14,34,12,15,R
150,<18,Male,Beginner,32,26,13,92,77,66,92,4,3,C,1,28,18,13,19,D
151,<18,Female,Intermediate,36,7,16,46,57,21,49,7,0,C,15,8,41,7,5,D
152,31-45,Female,Intermediate,4,7,22,0,49,1,1,3,0,B,16,34,39,9,5,D
153,46-60,Female,Advanced,30,24,10,65,0,3,18,4,4,A,13,29,14,6,15,R
154,46-60,Male,Advanced,31,15,3,42,80,30,63,2,1,C,4,36,28,3,5,D
155,<18,Male,Intermediate,45,4,20,88,40,96,21,4,3,B,4,32,31,4,1,R
156,>60,Male,Intermediate,25,15,0,80,82,1,81,6,4,C,7,33,46,18,4,R
157,18-30,Female,Beginner,22,29,5,44,42,66,48,8,3,B,3,7,43,3,21,D
158,>60,Male,Intermediate,19,25,19,55,84,93,71,6,4,A,1,21,9,18,13,D
159,46-60,Male,Intermediate,15,18,7,51,41,73,22,1,2,A,2,35,50,12,8,D
160,46-60,Male,Beginner,10,13,7,14,88,47,41,9,1,C,5,10,7,8,10,D
161,31-45,Female,Beginner,15,3,23,10,16,92,4,4,2,B,17,24,9,6,25,R
162,46-60,Male,Beginner,43,5,24,85,54,69,57,1,3,B,12,16,37,13,10,R
163,46-60,Female,Intermediate,1,14,23,6,2,51,92,0,1,A,4,23,9,14,11,R
164,18-30,Female,Beginner,46,29,4,32,45,78,76,9,0,C,16,6,43,13,26,R
165,>60,Female,Advanced,0,0,3,5,57,100,4,9,4,C,8,14,29,2,19,R
166,>60,Female,Advanced,4,12,5,70,84,37,32,1,3,B,18,25,49,19,6,D
167,>60,Male,Intermediate,40,21,9,3,96,31,21,0,2,A,17,20,12,13,18,D
168,31-45,Female,Intermediate,10,21,14,8,49,44,69,5,1,C,5,17,1,5,5,R
169,46-60,Male,Advanced,45,25,10,11,73,43,92,2,4,C,17,22,40,7,7,R
170,18-30,Female,Intermediate,20,29,0,52,96,43,74,7,4,C,14,34,25,17,29,D
171,18-30,Female,Advanced,7,26,23,99,98,86,93,6,1,C,2,18,38,9,4,R
172,>60,Male,Advanced,12,26,18,36,21,68,2,7,2,C,6,35,11,5,20,R
173,46-60,Female,Advanced,41,28,17,14,66,97,17,2,3,C,9,11,13,5,28,D
174,<18,Female,Intermediate,3,1,20,69,61,70,32,6,4,B,5,6,38,15,16,D
175,46-60,Female,Intermediate,1,12,10,44,55,86,41,6,2,B,16,33,26,0,18,R
176,<18,Male,Intermediate,48,7,21,53,21,20,71,8,4,A,0,12,43,14,11,R
177,<18,Female,Beginner,0,10,20,89,36,66,20,0,0,A,18,5,13,0,28,D
178,31-45,Female,Advanced,11,26,18,97,38,29,28,1,4,A,0,8,19,8,30,D
179,46-60,Female,Intermediate,38,19,13,49,81,51,70,9,2,B,10,25,34,13,2,R
180,31-45,Male,Beginner,31,10,5,2,62,58,100,0,1,C,13,4,41,15,28,D
181,31-45,Male,Beginner,1,17,25,79,49,78,87,7,3,A,8,17,24,16,11,R
182,<18,Male,Intermediate,44,14,16,96,45,76,21,6,3,C,9,14,32,9,8,D
183,46-60,Female,Advanced,20,22,0,38,34,84,67,5,1,C,10,36,17,2,24,R
184,46-60,Male,Intermediate,32,3,9,45,45,8,87,10,3,C,7,20,46,15,0,R
185,46-60,Female,Intermediate,38,24,15,40,49,14,65,1,1,C,14,25,17,16,5,D
186,>60,Male,Advanced,10,0,0,70,62,2,54,0,3,B,3,7,42,5,8,R
187,18-30,Female,Advanced,27,19,0,91,2,80,70,4,1,C,16,8,11,1,15,D
188,31-45,Female,Intermediate,17,18,16,31,1,27,31,2,3,B,7,23,28,0,29,R
189,46-60,Male,Beginner,48,3,3,6,94,84,97,4,0,C,10,16,40,19,12,R
190,31-45,Male,Advanced,36,5,8,43,77,64,9,1,1,B,11,1,18,12,1,D
191,31-45,Female,Beginner,40,3,1,61,1,62,4,8,4,A,3,19,25,10,20,R
192,31-45,Male,Beginner,8,8,15,17,97,28,12,0,3,B,3,35,26,12,6,R
193,>60,Female,Intermediate,9,20,4,45,41,83,26,7,4,B,6,7,24,2,28,R
194,46-60,Female,Intermediate,18,8,5,5,40,50,56,3,2,A,7,6,16,17,7,D
195,18-30,Female,Beginner,47,3,8,9,54,12,85,8,2,A,18,15,10,14,2,R
196,<18,Male,Beginner,26,29,20,50,68,44,46,0,2,C,6,1,25,2,0,D
197,>60,Male,Beginner,10,23,2,99,46,59,34,2,2,B,8,25,7,6,5,D
198,<18,Male,Beginner,31,18,13,8,15,20,27,2,1,A,14,35,49,13,21,R
199,18-30,Female,Beginner,21,0,15,48,49,80,61,6,1,B,7,30,39,4,11,D
200,18-30,Female,Intermediate,35,5,23,0,47,13,33,2,0,A,2,14,15,17,22,R
201,31-45,Male,Advanced,7,3,11,84,68,92,98,7,0,B,16,6,2,18,23,D
202,<18,Male,Intermediate,26,7,8,37,50,98,53,9,3,A,18,30,3,20,12,D
203,46-60,Female,Intermediate,36,18,24,53,43,43,67,10,4,A,8,23,37,8,17,D
204,<18,Female,Intermediate,9,8,11,78,9,60,62,5,2,C,12,28,9,14,1,R
205,46-60,Male,Beginner,20,5,10,95,11,5,17,7,0,B,18,30,48,17,15,R
206,18-30,Female,Advanced,39,22,19,73,83,92,25,2,1,C,8,0,24,3,0,D
207,>60,Female,Beginner,4,7,2,49,36,80,19,4,3,A,4,13,22,1,23,D
208,18-30,Female,Intermediate,45,25,17,22,90,96,28,1,1,C,0,35,4,15,28,D
209,>60,Female,Intermediate,21,2,4,54,70,6,62,7,1,B,9,11,3,5,30,R
210,>60,Male,Intermediate,19,27,12,32,55,39,56,0,0,B,1,16,1,9,19,R
211,46-60,Male,Intermediate,3,1,22,83,7,23,80,4,2,C,9,2,26,2,7,D
212,18-30,Male,Intermediate,7,23,22,62,85,74,10,5,2,A,3,2,39,12,16,D
213,46-60,Male,Intermediate,14,21,0,74,86,18,19,6,3,B,13,15,23,2,6,D
214,46-60,Male,Advanced,27,11,10,41,93,53,71,3,2,B,18,21,16,17,19,D
215,>60,Male,Advanced,9,15,4,58,88,46,35,8,2,A,18,4,0,15,25,R
216,46-60,Female,Advanced,37,14,3,3,36,6,7,5,2,A,9,9,45,6,21,D
217,31-45,Male,Advanced,4,28,0,14,60,46,69,7,1,C,14,3,42,8,14,D
218,31-45,Male,Advanced,47,8,20,34,31,100,31,8,1,A,4,10,45,11,14,R
219,46-60,Female,Advanced,30,3,25,60,19,34,54,7,2,B,14,24,17,0,2,D
220,18-30,Female,Beginner,38,12,3,34,86,16,42,2,2,A,8,1,6,16,0,R
221,46-60,Female,Intermediate,27,12,9,10,30,100,47,5,0,A,8,20,0,0,2,D
222,18-30,Female,Advanced,22,9,14,65,39,97,22,4,0,C,18,0,1,6,3,D
223,<18,Female,Advanced,28,10,4,16,53,41,30,10,4,B,7,19,24,7,26,R
224,31-45,Male,Beginner,26,19,4,38,97,26,66,7,3,A,9,0,30,12,1,D
225,>60,Male,Beginner,0,6,3,60,5,53,32,8,1,A,15,13,41,13,26,D
226,>60,Male,Beginner,7,11,4,8,42,44,5,2,0,A,15,22,17,3,10,D
227,31-45,Female,Intermediate,1,11,7,96,44,20,100,2,1,A,0,10,47,14,21,D
228,>60,Female,Intermediate,16,0,3,2,87,9,40,2,2,A,18,28,41,9,14,R
229,<18,Female,Advanced,41,0,16,65,51,89,0,9,2,A,13,26,12,4,0,D
230,>60,Female,Advanced,32,12,19,7,38,11,28,8,0,B,12,5,36,9,14,R
231,>60,Male,Advanced,45,26,6,36,32,15,79,5,0,C,18,36,4,20,3,D
232,31-45,Male,Advanced,19,3,14,57,94,93,89,3,4,A,4,25,16,2,0,D
233,>60,Female,Intermediate,10,6,23,24,27,62,66,1,2,C,0,7,1,0,15,R
234,18-30,Male,Advanced,26,4,18,97,76,3,54,10,0,C,15,30,37,13,20,D
235,18-30,Female,Intermediate,31,28,12,6,8,54,45,1,1,C,13,8,44,18,27,D
236,31-45,Female,Beginner,1,15,21,36,38,20,8,0,0,A,7,29,50,15,4,D
237,<18,Male,Beginner,22,8,15,10,50,81,75,0,1,B,11,31,24,10,0,R
238,<18,Female,Advanced,9,20,16,70,63,76,43,9,3,A,15,28,17,12,11,D
239,46-60,Male,Intermediate,28,20,3,50,21,37,84,7,3,C,6,24,13,13,29,R
240,31-45,Female,Beginner,40,7,2,25,94,69,58,5,4,C,2,19,29,2,27,D
241,31-45,Female,Intermediate,7,24,7,27,41,54,0,9,4,C,13,11,30,16,24,R
242,31-45,Female,Intermediate,43,23,9,15,60,12,80,2,4,C,7,14,43,16,17,D
243,<18,Male,Intermediate,39,12,23,63,59,65,56,3,4,C,16,20,43,15,3,R
244,18-30,Female,Beginner,40,15,22,85,92,23,71,6,2,B,17,16,39,7,0,D
245,46-60,Male,Intermediate,44,8,15,24,11,66,72,10,0,B,11,12,22,18,17,R
246,31-45,Female,Advanced,45,7,2,71,78,15,18,2,4,B,8,20,10,20,16,D
247,<18,Female,Advanced,32,29,23,74,25,87,52,6,2,A,8,5,40,6,24,D
248,>60,Female,Advanced,41,9,14,67,74,82,37,0,1,A,1,24,42,3,12,D
249,<18,Female,Intermediate,38,24,6,67,82,6,96,10,3,B,2,13,31,6,9,R
250,>60,Male,Advanced,26,13,16,59,75,84,54,6,2,A,9,36,6,10,1,D
251,18-30,Male,Advanced,27,5,5,25,30,11,94,2,2,B,0,25,50,19,4,R
252,>60,Female,Beginner,8,24,17,48,21,36,67,1,3,A,10,1,33,6,26,R
253,>60,Female,Beginner,17,21,3,61,6,90,7,0,4,A,11,14,20,7,7,D
254,18-30,Male,Intermediate,10,3,3,22,13,67,87,0,2,B,5,3,29,16,6,D
255,46-60,Female,Intermediate,49,12,10,88,67,45,94,4,1,C,18,20,25,5,25,D
256,31-45,Female,Advanced,29,22,6,53,52,100,4,10,0,A,15,36,30,11,1,R
257,46-60,Female,Intermediate,24,30,8,17,16,78,98,9,3,A,0,17,46,6,2,R
258,18-30,Female,Advanced,26,2,18,13,37,71,68,10,3,A,4,12,17,2,20,D
259,<18,Male,Advanced,34,7,17,31,48,72,53,5,3,C,0,5,7,17,2,D
260,31-45,Female,Advanced,28,0,17,59,67,79,31,4,4,A,17,25,15,8,23,D
261,<18,Female,Beginner,15,3,4,89,8,38,57,8,0,C,16,6,36,12,11,R
262,31-45,Male,Advanced,9,26,19,96,27,32,78,4,1,C,7,20,45,4,3,R
263,46-60,Female,Beginner,41,25,3,19,25,14,8,3,2,B,9,31,21,4,17,D
264,<18,Female,Advanced,19,5,23,81,6,23,0,5,4,A,18,25,28,19,14,R
265,<18,Female,Beginner,23,17,21,10,31,5,18,6,4,A,10,28,26,4,30,D
266,46-60,Male,Beginner,34,21,20,79,19,49,41,2,0,C,3,4,50,0,2,R
267,46-60,Male,Beginner,12,8,0,91,7,98,32,5,0,A,16,20,47,13,17,R
268,>60,Female,Advanced,0,1,1,16,98,3,57,5,4,A,16,9,19,6,13,D
269,46-60,Female,Beginner,22,23,11,25,42,86,42,9,4,B,9,20,19,20,21,R
270,31-45,Male,Advanced,13,28,24,1,48,35,59,0,3,B,6,7,38,19,23,R
271,46-60,Female,Beginner,27,1,17,3,12,86,20,9,3,A,18,23,1,19,29,R
272,31-45,Male,Beginner,47,4,24,61,84,32,61,6,1,B,11,20,33,14,25,D
273,31-45,Male,Intermediate,12,18,15,60,100,35,35,9,1,B,12,33,38,16,17,R
274,46-60,Female,Beginner,4,6,18,32,96,37,31,0,0,B,3,22,41,20,18,D
275,31-45,Male,Advanced,16,22,4,9,91,11,75,10,0,B,6,19,6,16,5,R
276,<18,Male,Advanced,43,24,14,79,49,94,36,10,3,C,6,14,10,3,20,D
277,18-30,Female,Advanced,38,26,25,83,21,83,75,0,1,C,8,34,42,20,26,D
278,<18,Male,Intermediate,5,22,11,68,99,61,53,5,1,B,17,33,33,18,4,R
279,46-60,Male,Beginner,28,11,17,19,78,55,7,2,4,C,3,24,39,1,22,R
280,>60,Male,Intermediate,14,16,19,60,59,21,94,9,1,B,18,22,48,5,6,R
281,18-30,Female,Intermediate,38,15,10,44,49,77,74,1,4,B,4,17,21,18,20,R
282,46-60,Female,Advanced,11,13,1,32,57,92,96,9,1,A,16,21,44,4,28,D
283,46-60,Female,Advanced,49,17,2,100,51,61,29,1,3,A,13,13,27,20,5,R
284,46-60,Male,Intermediate,30,6,9,54,45,47,37,6,0,C,1,14,34,9,17,R
285,46-60,Male,Beginner,45,19,4,18,39,73,11,3,1,A,5,28,42,11,27,D
286,>60,Female,Beginner,29,4,1,90,58,41,68,8,0,B,2,8,18,16,25,D
287,31-45,Female,Beginner,45,19,1,71,12,72,53,4,2,A,16,36,30,11,24,R
288,<18,Male,Intermediate,7,5,22,16,23,7,31,2,3,A,7,11,36,6,10,R
289,>60,Female,Intermediate,9,24,18,38,85,79,6,0,0,C,8,36,45,14,21,D
290,18-30,Female,Beginner,38,24,11,61,37,10,74,3,3,C,1,35,0,2,23,R
291,>60,Male,Intermediate,29,19,9,97,71,80,87,7,4,B,7,12,3,11,20,D
292,<18,Female,Intermediate,24,16,0,3,90,61,86,6,0,B,1,29,11,14,25,R
293,31-45,Female,Advanced,9,7,25,10,34,5,98,1,4,B,0,10,9,19,11,D
294,18-30,Female,Beginner,4,12,25,40,40,35,43,10,2,C,14,9,17,5,16,D
295,31-45,Female,Advanced,18,3,12,40,95,94,66,8,2,C,7,2,27,6,22,R
296,46-60,Male,Intermediate,16,6,9,2,36,22,98,6,0,C,4,19,3,17,20,R
297,31-45,Female,Intermediate,13,27,0,22,50,44,45,8,3,C,15,19,40,1,30,D
298,>60,Male,Advanced,49,28,5,49,43,75,35,7,0,B,12,16,11,19,28,R
299,>60,Female,Advanced,20,19,16,33,64,14,96,8,1,B,9,16,36,6,25,R
300,>60,Female,Intermediate,40,17,7,100,86,15,93,5,0,A,11,11,30,7,23,R
301,<18,Male,Beginner,25,22,12,76,36,68,56,4,3,A,4,4,32,20,3,D
302,<18,Male,Advanced,21,0,3,43,16,41,71,0,2,A,17,30,46,0,0,D
303,<18,Male,Beginner,32,30,19,26,30,51,45,2,2,A,12,26,12,1,6,R
304,31-45,Male,Intermediate,25,17,6,44,4,34,50,2,2,C,1,19,39,12,15,D
305,18-30,Female,Intermediate,35,18,23,27,97,19,7,8,0,C,15,9,5,14,12,D
306,>60,Male,Advanced,25,2,20,9,52,6,24,2,1,B,14,21,14,17,10,D
307,<18,Female,Beginner,18,17,18,6,54,75,91,7,0,C,11,11,50,2,27,D
308,>60,Male,Intermediate,25,11,13,77,17,88,75,8,2,B,8,1,14,17,29,R
309,<18,Female,Intermediate,30,10,16,95,36,84,42,1,4,A,8,25,24,18,2,R
310,18-30,Male,Intermediate,20,25,1,21,17,3,74,10,4,B,15,1,13,12,18,R
311,<18,Female,Advanced,35,5,18,9,97,55,65,8,0,B,15,14,6,4,2,R
312,31-45,Male,Beginner,35,17,17,7,4,95,11,10,0,A,13,21,24,11,1,D
313,<18,Male,Intermediate,23,7,0,81,57,67,89,2,3,A,1,5,30,16,15,D
314,<18,Male,Intermediate,0,1,8,38,34,69,55,4,1,A,15,8,43,12,2,D
315,46-60,Male,Beginner,8,16,20,5,78,0,12,8,1,A,6,30,0,11,0,D
316,>60,Female,Advanced,28,24,16,2,59,0,74,7,4,B,14,29,3,1,18,D
317,>60,Male,Advanced,2,29,22,37,53,88,42,9,1,B,2,33,13,16,1,R
318,46-60,Male,Intermediate,17,10,0,11,36,65,32,3,1,A,11,12,8,9,29,D
319,<18,Male,Advanced,5,22,7,61,77,9,78,10,2,A,15,0,4,3,6,R
320,18-30,Male,Advanced,2,26,12,18,13,58,26,4,0,C,13,20,3,2,22,R
321,18-30,Female,Intermediate,13,2,10,44,37,59,45,9,1,C,3,15,27,10,7,R
322,31-45,Female,Beginner,21,14,12,45,82,1,24,4,0,A,2,29,42,0,18,D
323,18-30,Male,Advanced,37,12,7,30,100,92,64,3,0,C,12,3,25,8,6,D
324,18-30,Male,Intermediate,12,29,25,3,86,99,29,10,3,C,14,25,20,20,18,D
325,>60,Male,Advanced,23,7,8,89,23,32,49,2,4,A,0,1,24,4,3,R
326,31-45,Female,Intermediate,23,0,22,28,77,62,78,2,3,C,18,1,7,12,3,R
327,18-30,Male,Beginner,14,8,2,49,96,3,97,2,0,A,2,20,10,8,21,R
328,46-60,Male,Intermediate,41,26,9,90,15,65,40,3,1,B,10,9,39,17,27,D
329,>60,Female,Beginner,9,28,23,12,35,56,19,9,0,A,6,29,47,1,9,R
330,31-45,Female,Beginner,28,28,5,27,51,27,8,0,2,A,16,25,21,12,9,R
331,31-45,Female,Advanced,29,3,5,68,36,17,5,0,0,C,8,36,29,12,26,D
332,>60,Female,Advanced,48,28,21,2,40,72,80,3,2,A,15,34,50,1,22,R
333,18-30,Male,Intermediate,28,29,10,82,36,18,50,4,3,C,12,25,17,5,6,D
334,<18,Female,Intermediate,12,5,13,35,96,85,29,2,1,A,18,21,10,3,3,D
335,18-30,Male,Beginner,19,4,21,84,79,96,25,10,4,A,15,7,40,20,6,D
336,31-45,Female,Advanced,36,29,13,45,65,38,49,3,2,C,9,28,22,9,13,D
337,>60,Female,Advanced,13,8,16,99,74,76,91,2,4,B,12,9,21,20,10,D
338,18-30,Male,Advanced,10,6,20,100,80,30,79,1,1,A,7,5,4,10,7,D
339,46-60,Female,Beginner,8,5,11,42,53,88,43,10,1,A,5,11,19,2,10,D
340,>60,Female,Intermediate,47,19,6,0,42,54,82,3,3,B,10,12,25,5,7,R
341,31-45,Female,Advanced,7,29,25,61,100,34,96,8,1,A,16,12,41,1,7,R
342,18-30,Female,Beginner,23,27,12,35,26,57,76,0,2,B,14,14,10,20,14,D
343,31-45,Female,Advanced,27,1,6,64,13,1,41,0,2,A,15,27,39,12,6,D
344,31-45,Female,Intermediate,46,3,14,84,80,83,15,3,3,B,11,22,41,12,19,D
345,46-60,Male,Intermediate,3,11,22,0,19,37,85,1,0,B,1,17,0,5,3,D
346,<18,Male,Beginner,10,20,17,89,2,59,6,9,3,A,18,4,15,17,30,D
347,18-30,Male,Intermediate,41,16,10,96,20,9,71,10,3,C,2,31,18,16,15,R
348,18-30,Male,Beginner,22,23,22,7,50,43,23,6,4,A,0,31,13,14,20,R
349,46-60,Female,Advanced,22,27,15,3,78,31,94,8,2,A,0,17,19,6,13,R
350,46-60,Female,Advanced,30,29,0,29,71,97,97,9,1,A,13,1,37,8,28,R
351,18-30,Male,Advanced,10,25,13,0,17,66,77,1,3,A,13,6,31,18,23,R
352,46-60,Male,Intermediate,40,5,0,60,15,51,62,4,0,C,3,2,7,19,30,R
353,31-45,Female,Advanced,27,14,3,87,81,17,30,0,2,C,2,30,43,20,14,R
354,18-30,Male,Beginner,19,11,6,89,69,24,41,7,0,B,3,5,5,19,8,D
355,31-45,Female,Intermediate,41,18,13,0,34,20,58,1,4,B,7,30,24,12,26,D
356,<18,Female,Beginner,25,2,4,17,81,51,4,7,1,A,17,6,18,18,0,D
357,46-60,Male,Intermediate,16,18,21,7,46,72,7,1,4,B,7,4,4,15,3,D
358,31-45,Female,Intermediate,41,0,3,41,82,87,10,3,3,A,12,5,24,19,1,D
359,31-45,Male,Intermediate,5,17,13,26,53,90,13,10,0,C,16,21,31,11,7,R
360,31-45,Female,Intermediate,9,29,14,37,34,59,39,2,4,C,13,24,32,2,19,R
361,46-60,Female,Beginner,19,16,6,27,80,64,1,1,4,B,13,22,48,18,18,D
362,18-30,Female,Advanced,17,16,11,67,47,79,72,0,2,C,18,20,10,5,20,D
363,31-45,Male,Advanced,8,19,24,64,88,74,65,2,1,B,9,36,46,17,21,D
364,31-45,Male,Advanced,7,9,0,95,95,75,36,0,0,C,16,6,33,14,3,R
365,<18,Male,Intermediate,16,26,15,18,18,73,49,9,2,A,1,27,9,1,0,D
366,46-60,Male,Beginner,11,23,13,8,98,96,57,3,3,C,12,25,34,11,1,R
367,18-30,Male,Intermediate,47,24,24,87,10,46,94,6,4,C,15,23,45,3,12,R
368,18-30,Male,Advanced,6,27,5,76,29,22,29,10,4,C,13,10,21,20,10,R
369,31-45,Male,Intermediate,20,23,8,89,65,53,30,8,2,A,4,28,47,17,16,D
370,>60,Male,Beginner,31,9,9,31,0,66,43,4,0,B,15,15,11,9,6,R
371,>60,Male,Beginner,17,28,22,66,47,65,63,4,3,C,4,1,38,18,9,R
372,31-45,Male,Advanced,11,26,15,11,49,51,78,0,3,C,6,2,45,9,30,D
373,<18,Male,Intermediate,18,7,17,18,82,78,53,10,1,B,17,11,25,11,9,D
374,>60,Male,Intermediate,23,19,4,67,50,90,4,9,2,C,3,4,6,15,8,R
375,<18,Female,Advanced,20,1,20,80,75,42,9,4,1,B,6,27,9,2,24,D
376,18-30,Female,Advanced,43,29,1,73,54,38,29,9,0,C,12,31,46,8,17,R
377,18-30,Male,Advanced,4,21,17,6,8,92,52,10,2,A,9,4,4,11,16,D
378,>60,Female,Intermediate,35,2,21,51,60,11,19,6,4,C,9,0,15,18,22,R
379,<18,Female,Intermediate,19,21,8,71,94,68,11,5,0,B,9,4,8,14,27,D
380,>60,Female,Advanced,6,26,22,50,3,34,91,0,4,C,4,35,45,8,11,D
381,46-60,Male,Intermediate,6,21,21,17,21,20,84,6,4,B,9,11,14,3,3,D
382,<18,Female,Beginner,30,16,12,22,15,29,61,1,3,B,11,5,24,2,15,R
383,>60,Male,Intermediate,44,27,2,95,51,70,84,1,1,C,3,20,23,4,1,D
384,<18,Male,Intermediate,15,8,10,5,64,12,16,7,3,C,17,27,26,20,20,D
385,>60,Male,Beginner,33,6,25,46,77,100,42,9,2,C,15,35,25,10,4,D
386,46-60,Male,Advanced,9,26,23,72,30,19,69,6,1,B,5,7,21,17,27,R
387,31-45,Female,Intermediate,42,13,9,11,29,16,50,0,1,A,2,16,31,12,23,R
388,46-60,Female,Intermediate,37,22,17,56,48,79,9,5,3,A,14,6,32,20,11,D
389,31-45,Male,Beginner,9,25,13,3,88,65,47,10,1,C,1,30,3,5,7,R
390,31-45,Female,Beginner,28,8,17,64,98,14,50,8,0,A,10,8,43,8,2,R
391,>60,Male,Advanced,41,16,18,34,23,61,100,6,3,B,9,7,37,14,18,D
392,31-45,Female,Beginner,12,27,23,39,4,12,58,9,1,A,14,34,14,20,1,D
393,18-30,Female,Advanced,36,12,20,57,23,26,77,0,4,B,4,32,37,9,7,D
394,46-60,Male,Beginner,0,25,16,9,60,72,100,5,0,C,5,29,32,3,5,D
395,>60,Female,Beginner,32,1,9,44,33,19,76,9,2,A,1,11,13,15,26,D
396,46-60,Female,Intermediate,14,18,13,92,99,7,41,7,3,B,9,27,48,3,16,R
397,>60,Female,Advanced,15,2,5,8,55,41,17,1,2,B,2,5,12,4,9,R
398,18-30,Female,Intermediate,22,4,16,63,0,55,36,5,0,C,11,0,23,12,30,D
399,18-30,Male,Advanced,16,10,17,1,56,0,59,10,0,B,14,8,41,18,21,D
400,<18,Male,Intermediate,49,25,11,52,70,4,39,7,2,A,3,16,23,0,26,D
401,31-45,Male,Advanced,0,1,11,87,64,48,50,9,3,A,14,22,44,6,10,R
402,46-60,Female,Advanced,26,15,2,1,93,30,74,10,1,C,18,10,39,2,25,R
403,18-30,Male,Beginner,0,2,8,14,69,86,3,8,3,C,2,33,7,6,7,R
404,31-45,Male,Beginner,41,30,25,79,96,1,61,1,1,C,4,12,27,5,24,R
405,31-45,Male,Beginner,17,27,17,83,79,87,0,2,1,C,4,28,40,6,27,D
406,46-60,Male,Intermediate,15,7,6,42,32,81,47,0,4,A,3,26,14,18,9,R
407,31-45,Female,Beginner,36,23,6,19,64,47,12,4,4,C,9,7,50,18,19,R
408,46-60,Male,Advanced,44,5,4,72,36,33,70,5,2,A,12,22,35,19,5,R
409,>60,Male,Intermediate,31,8,12,74,68,71,16,5,4,A,18,31,7,9,6,D
410,46-60,Male,Beginner,7,7,10,6,88,32,0,2,0,A,5,12,40,18,30,D
411,<18,Male,Advanced,34,28,17,47,58,26,17,1,1,C,14,6,24,13,24,R
412,46-60,Male,Beginner,37,25,22,80,82,59,25,3,4,C,3,30,13,15,13,R
413,18-30,Male,Beginner,20,5,23,79,89,87,26,1,0,C,12,28,36,13,23,D
414,18-30,Female,Intermediate,10,0,12,63,98,8,97,6,3,C,1,33,7,19,14,D
415,<18,Male,Intermediate,41,15,1,46,80,91,71,6,0,B,12,10,47,12,26,D
416,46-60,Female,Intermediate,15,2,21,68,93,82,68,5,2,C,3,32,35,18,4,D
417,18-30,Female,Intermediate,39,7,20,84,78,96,52,6,3,C,13,32,13,4,1,D
418,46-60,Female,Intermediate,43,10,2,74,75,19,51,7,4,B,11,6,42,19,14,D
419,46-60,Female,Advanced,25,0,10,34,88,85,34,2,2,B,1,26,9,20,1,R
420,46-60,Male,Intermediate,10,17,0,49,49,56,39,3,4,B,9,27,4,20,10,D
421,31-45,Male,Advanced,5,14,6,30,38,13,31,0,3,B,13,29,9,3,11,R
422,>60,Female,Beginner,6,12,4,37,93,95,23,1,2,C,9,16,50,11,17,D
423,46-60,Female,Advanced,2,24,11,2,77,44,34,2,3,A,8,17,13,5,15,R
424,>60,Male,Beginner,45,21,6,89,69,7,29,2,3,C,7,0,32,18,9,R
425,>60,Female,Beginner,36,16,15,79,60,64,49,5,0,C,11,6,46,20,21,D
426,31-45,Female,Beginner,10,20,6,59,5,20,69,5,1,B,1,3,37,7,20,D
427,46-60,Female,Beginner,49,15,1,16,64,23,90,9,0,B,1,35,47,17,8,R
428,31-45,Male,Intermediate,34,2,11,49,52,42,36,0,0,C,1,5,25,13,7,D
429,46-60,Female,Advanced,29,25,4,27,61,68,84,10,2,C,15,15,15,20,28,D
430,<18,Female,Intermediate,44,22,20,98,95,28,35,8,3,B,16,35,31,19,17,R
431,>60,Male,Beginner,42,28,13,3,19,4,30,1,2,A,15,23,2,1,25,R
432,46-60,Female,Advanced,43,26,11,82,98,98,49,6,3,C,2,33,34,6,1,D
433,<18,Male,Beginner,31,21,6,24,31,10,98,5,0,C,18,24,14,13,9,D
434,>60,Female,Beginner,46,24,18,42,96,45,73,2,4,C,15,25,30,20,14,D
435,<18,Female,Advanced,30,29,18,99,10,4,59,5,0,A,9,15,3,12,20,D
436,18-30,Male,Beginner,2,30,3,12,73,67,25,2,3,B,7,2,27,18,25,D
437,46-60,Female,Advanced,18,10,25,51,72,11,87,10,0,B,11,35,49,6,12,D
438,46-60,Female,Intermediate,37,7,24,85,67,59,43,2,3,C,10,27,21,9,14,R
439,>60,Female,Advanced,27,8,7,99,33,88,54,0,0,C,10,20,14,5,28,R
440,31-45,Male,Advanced,4,2,13,0,41,97,5,4,4,C,10,20,4,5,6,R
441,18-30,Male,Advanced,11,22,13,67,35,59,19,8,3,B,11,17,31,5,8,D
442,<18,Female,Advanced,25,8,4,43,68,26,57,6,4,B,3,3,30,6,10,D
443,31-45,Female,Beginner,42,22,3,5,99,47,37,1,2,C,5,26,18,13,26,R
444,31-45,Female,Intermediate,6,20,18,8,17,91,86,9,0,A,18,28,40,7,15,R
445,31-45,Male,Advanced,36,23,9,62,30,98,91,3,1,B,1,32,46,17,19,D
446,>60,Female,Beginner,40,13,14,31,70,20,18,5,2,B,3,18,28,3,21,R
447,46-60,Female,Intermediate,17,28,18,19,78,9,37,0,0,B,1,28,32,9,4,R
448,<18,Female,Advanced,20,23,15,93,7,67,24,0,1,A,15,31,49,5,25,D
449,31-45,Male,Intermediate,34,19,11,38,14,87,57,3,1,B,14,29,46,1,25,D
450,31-45,Female,Intermediate,19,20,22,34,9,44,10,0,1,B,10,25,40,4,5,R
451,31-45,Male,Intermediate,26,1,16,28,68,13,40,8,1,A,2,19,26,16,8,D
452,18-30,Female,Beginner,15,13,15,0,3,28,72,10,1,A,2,13,33,14,1,D
453,18-30,Female,Intermediate,39,6,21,80,78,67,54,10,3,B,10,33,5,12,29,R
454,18-30,Male,Intermediate,7,17,3,68,8,49,90,2,1,B,9,35,18,11,30,D
455,18-30,Female,Beginner,15,3,11,92,45,9,82,3,2,A,12,3,48,2,3,R
456,31-45,Male,Intermediate,31,23,8,76,26,84,64,6,3,A,12,22,23,16,20,D
457,<18,Male,Advanced,29,12,23,71,99,25,7,9,0,A,0,27,23,12,0,R
458,31-45,Female,Intermediate,10,14,15,39,58,29,60,10,4,B,16,18,25,0,22,R
459,18-30,Female,Beginner,27,5,4,78,95,89,100,6,3,A,0,28,19,8,2,D
460,31-45,Female,Beginner,32,13,19,69,100,34,57,5,2,B,16,1,38,19,22,R
461,<18,Female,Intermediate,2,17,17,73,94,37,5,1,4,B,2,31,41,12,18,D
462,<18,Female,Intermediate,7,16,20,39,83,23,37,5,2,B,6,12,29,9,22,R
463,46-60,Female,Beginner,6,29,5,9,17,66,24,3,1,B,6,27,21,15,22,R
464,18-30,Female,Intermediate,42,27,9,50,28,3,49,5,1,B,17,2,3,20,29,R
465,18-30,Male,Beginner,43,28,19,79,49,68,6,6,0,B,5,19,33,9,29,R
466,46-60,Female,Beginner,46,22,12,77,26,99,57,7,0,A,14,26,13,4,13,D
467,<18,Female,Beginner,2,18,21,52,73,67,9,3,1,B,1,29,7,15,18,R
468,<18,Female,Advanced,17,4,1,23,54,36,90,4,4,B,5,19,46,0,2,D
469,46-60,Female,Intermediate,26,12,15,14,10,86,32,9,3,C,2,3,38,17,11,R
470,31-45,Male,Beginner,36,17,21,17,12,93,93,3,1,B,4,2,6,18,26,D
471,46-60,Female,Beginner,6,0,24,69,58,46,9,10,1,B,5,21,37,11,9,D
472,46-60,Male,Beginner,8,0,11,76,83,0,96,9,1,C,16,19,34,8,21,R
473,18-30,Female,Intermediate,47,17,14,55,77,20,35,7,4,A,0,12,19,16,6,R
474,<18,Male,Advanced,36,3,14,33,7,85,64,2,4,C,15,16,40,4,18,R
475,18-30,Female,Beginner,47,22,7,58,97,97,98,9,4,C,0,33,10,0,0,D
476,31-45,Male,Beginner,38,5,13,81,16,35,50,8,3,C,15,32,10,8,26,R
477,<18,Female,Beginner,21,22,4,57,29,69,53,8,0,B,5,32,34,9,16,D
478,18-30,Female,Intermediate,48,9,14,98,1,21,88,0,0,C,13,19,18,1,11,R
479,46-60,Male,Advanced,42,11,8,42,16,60,62,1,1,B,5,3,27,11,30,D
480,18-30,Female,Advanced,6,20,24,99,54,62,54,5,1,A,8,6,35,5,1,R
481,>60,Male,Intermediate,18,25,17,27,99,25,61,0,4,B,10,16,11,7,11,D
482,31-45,Male,Intermediate,41,16,0,4,96,65,34,4,4,B,7,18,18,4,2,R
483,31-45,Male,Advanced,13,7,15,76,15,96,60,9,0,C,8,17,37,1,26,R
484,>60,Female,Advanced,20,6,15,8,72,85,42,10,2,A,12,16,14,3,21,D
485,>60,Male,Beginner,19,8,0,16,33,73,24,1,2,C,13,1,33,11,28,D
486,18-30,Female,Intermediate,15,27,15,30,99,20,84,2,2,B,17,32,47,13,8,R
487,18-30,Male,Beginner,39,6,9,43,17,19,29,5,0,C,16,35,5,19,23,D
488,46-60,Female,Advanced,0,23,21,47,31,6,25,6,1,A,11,6,9,6,12,R
489,18-30,Male,Advanced,36,14,5,98,19,1,90,9,4,A,11,22,43,4,4,R
490,>60,Male,Intermediate,20,28,1,56,35,25,91,10,1,C,2,11,42,15,6,R
491,>60,Female,Intermediate,39,17,11,100,48,83,49,5,3,C,14,6,19,19,9,D
492,>60,Female,Advanced,41,3,24,48,89,3,61,0,3,A,14,18,3,8,8,R
493,>60,Female,Intermediate,18,7,18,58,1,33,61,3,0,C,16,27,5,18,11,R
494,<18,Male,Beginner,7,9,22,89,45,21,60,5,4,A,18,14,48,0,9,D
495,46-60,Female,Beginner,10,20,11,67,48,21,45,3,4,B,4,19,19,0,1,R
496,<18,Male,Advanced,41,17,6,61,68,35,11,9,4,C,0,8,25,8,9,R
497,>60,Male,Beginner,7,16,16,6,82,86,64,9,3,B,1,33,19,2,18,R
498,31-45,Female,Advanced,1,13,24,83,76,99,65,10,0,B,9,28,50,3,16,R
499,>60,Female,Intermediate,8,30,23,42,10,71,87,4,0,A,8,0,41,2,15,D
500,46-60,Male,Intermediate,49,4,13,100,99,45,55,9,2,C,2,15,11,1,21,D
501,18-30,Female,Beginner,3,18,7,13,97,67,66,4,2,C,16,10,43,6,15,R
502,<18,Female,Advanced,42,2,12,69,32,58,29,4,4,A,11,7,46,17,26,D
503,46-60,Female,Intermediate,2,29,5,77,93,72,29,1,1,B,10,12,35,14,27,R
504,18-30,Female,Intermediate,45,23,0,30,82,44,27,5,0,C,11,32,3,17,10,D
505,31-45,Female,Advanced,29,25,23,76,31,47,0,9,0,A,17,24,36,0,13,R
506,46-60,Female,Beginner,41,5,2,35,73,56,56,3,3,C,10,6,28,6,3,R
507,46-60,Female,Beginner,10,15,13,99,68,93,81,4,0,A,18,20,7,13,19,D
508,31-45,Male,Intermediate,45,19,13,17,49,95,67,8,1,B,8,32,6,4,14,R
509,>60,Female,Intermediate,25,15,22,46,13,97,14,10,4,C,1,18,41,2,26,D
510,31-45,Male,Intermediate,46,22,5,0,49,71,96,3,4,A,11,16,14,3,27,R
511,31-45,Female,Intermediate,44,22,16,46,93,11,91,4,3,B,5,9,45,20,10,D
512,31-45,Female,Intermediate,41,19,10,56,29,28,21,10,4,C,16,25,49,1,16,R
513,<18,Male,Intermediate,32,24,17,22,55,89,43,7,2,B,11,33,4,19,15,D
514,18-30,Female,Advanced,33,26,19,83,42,59,16,3,1,C,15,35,42,0,27,D
515,>60,Male,Beginner,28,8,25,39,4,82,97,8,0,A,5,0,35,12,25,R
516,46-60,Male,Beginner,27,8,4,89,33,47,62,6,0,A,14,7,47,18,5,D
517,46-60,Male,Advanced,23,29,5,14,97,58,4,9,4,A,10,31,10,14,20,R
518,<18,Female,Beginner,23,15,18,97,72,82,87,0,2,C,7,18,36,9,23,R
519,<18,Male,Beginner,5,10,5,87,57,74,11,9,0,A,13,35,41,18,18,D
520,>60,Female,Intermediate,45,18,20,33,12,44,55,7,0,A,18,1,9,6,24,D
521,31-45,Male,Beginner,32,22,17,50,25,29,12,3,1,A,0,9,10,15,21,D
522,18-30,Male,Advanced,40,9,24,27,84,2,91,1,2,B,11,5,17,3,11,D
523,31-45,Male,Advanced,11,6,15,82,19,30,58,7,4,B,10,13,47,2,6,R
524,18-30,Male,Advanced,18,27,6,49,35,4,100,6,3,A,14,4,6,8,28,R
525,46-60,Male,Beginner,13,9,21,88,51,12,80,3,0,A,8,17,13,20,26,D
526,18-30,Male,Intermediate,2,23,1,86,44,23,61,6,1,A,14,28,49,18,20,D
527,31-45,Female,Beginner,20,25,3,78,92,49,13,10,0,B,10,32,21,0,14,D
528,46-60,Male,Advanced,29,25,21,8,31,29,49,5,3,A,10,10,34,10,9,R
529,31-45,Female,Beginner,32,2,14,52,37,15,40,7,2,A,9,10,14,2,29,R
530,46-60,Male,Advanced,26,26,8,14,74,85,3,4,2,B,18,35,28,10,11,D
531,31-45,Female,Intermediate,39,6,7,46,19,53,28,7,1,C,9,1,50,14,1,R
532,46-60,Female,Advanced,12,23,4,17,39,61,62,8,2,A,12,31,35,12,8,R
533,>60,Male,Advanced,13,4,2,58,33,26,33,9,0,A,4,17,29,15,12,D
534,18-30,Female,Intermediate,34,12,4,83,81,57,14,5,1,B,4,16,35,10,7,D
535,<18,Female,Beginner,14,9,23,85,83,6,76,10,2,B,12,4,27,5,11,D
536,46-60,Female,Intermediate,23,25,1,84,71,29,38,4,0,C,9,33,48,16,2,R
537,46-60,Male,Intermediate,13,15,8,48,59,21,25,4,4,C,8,25,29,5,4,R
538,31-45,Female,Advanced,8,25,8,16,63,10,34,10,0,A,10,6,46,19,27,R
539,31-45,Female,Beginner,2,19,6,57,80,70,37,1,1,C,17,10,19,18,30,D
540,31-45,Male,Intermediate,12,17,13,9,13,76,26,5,0,B,5,6,37,1,11,R
541,18-30,Female,Beginner,42,27,17,26,58,6,86,7,2,A,0,26,23,16,19,R
542,46-60,Female,Beginner,13,11,7,56,92,34,36,0,4,B,8,18,9,4,27,R
543,31-45,Female,Intermediate,28,20,18,80,0,73,33,3,0,C,9,3,45,13,15,R
544,18-30,Male,Advanced,1,5,1,29,27,64,59,0,0,A,7,1,26,20,3,D
545,46-60,Female,Beginner,36,25,5,53,1,90,60,9,3,B,12,28,17,17,8,D
546,>60,Male,Advanced,42,10,3,9,67,86,30,7,2,C,1,28,23,10,21,R
547,31-45,Female,Intermediate,25,7,3,97,12,27,27,0,4,A,0,18,15,18,10,R
548,31-45,Male,Intermediate,11,29,6,60,19,28,55,10,1,A,12,5,30,11,22,R
549,31-45,Female,Beginner,45,22,11,15,21,80,62,2,2,C,0,21,9,1,17,R
550,46-60,Female,Beginner,40,21,18,36,62,19,4,3,2,C,12,36,17,9,12,D
551,>60,Female,Beginner,42,22,10,84,12,46,36,9,0,A,11,19,5,20,28,R
552,46-60,Female,Intermediate,35,28,24,90,23,52,19,7,3,C,10,32,22,1,3,D
553,46-60,Female,Advanced,21,16,2,65,16,21,43,10,4,A,5,16,3,10,0,D
554,31-45,Female,Intermediate,27,2,5,29,21,48,48,4,1,B,10,17,14,19,9,D
555,46-60,Female,Beginner,23,10,9,30,96,58,8,9,1,A,4,20,5,4,19,D
556,18-30,Male,Advanced,17,7,11,75,24,0,65,9,0,B,3,15,42,14,12,R
557,31-45,Female,Advanced,5,16,13,44,6,42,89,4,1,A,18,8,19,2,14,D
558,>60,Female,Advanced,34,8,18,65,71,1,73,9,3,C,16,21,50,16,21,R
559,31-45,Female,Beginner,8,20,19,75,46,1,19,8,1,B,18,34,9,1,12,D
560,>60,Male,Advanced,14,28,13,39,37,89,24,6,0,A,9,17,24,15,20,D
561,46-60,Male,Beginner,30,18,22,93,57,95,75,4,0,A,1,33,40,7,7,R
562,<18,Male,Beginner,45,27,21,8,70,11,20,1,3,C,16,22,17,11,21,R
563,46-60,Male,Advanced,18,6,16,52,62,86,22,8,3,B,5,2,48,17,23,R
564,46-60,Male,Beginner,44,11,15,62,85,53,94,6,4,B,8,32,17,11,13,R
565,>60,Female,Beginner,42,28,16,79,61,38,7,8,3,B,10,35,35,12,24,R
566,18-30,Male,Beginner,47,16,14,51,35,35,83,5,3,A,17,28,24,19,18,D
567,46-60,Female,Beginner,25,3,14,25,54,92,89,4,3,A,11,3,48,10,15,D
568,46-60,Female,Intermediate,23,24,22,71,76,51,84,10,0,A,4,10,6,1,30,R
569,18-30,Female,Intermediate,24,24,18,44,92,52,25,0,0,B,17,11,11,5,20,D
570,31-45,Male,Intermediate,6,14,4,61,47,90,17,6,2,A,18,31,6,9,27,R
571,31-45,Female,Beginner,22,28,0,43,28,74,87,4,4,B,18,26,12,17,20,D
572,>60,Female,Beginner,27,28,6,57,98,67,89,10,3,B,16,12,14,20,30,R
573,46-60,Male,Advanced,24,10,21,64,6,19,46,7,4,A,0,32,47,7,11,R
574,18-30,Female,Intermediate,34,25,18,12,86,29,61,0,4,B,9,12,37,3,7,R
575,>60,Male,Advanced,45,0,23,38,99,17,4,10,1,B,16,28,38,20,24,R
576,>60,Male,Beginner,31,3,16,29,24,12,51,0,4,A,7,2,31,10,29,D
577,18-30,Female,Advanced,33,14,18,67,16,56,100,1,3,C,16,27,17,17,16,R
578,46-60,Male,Intermediate,35,24,10,89,13,79,33,3,1,B,3,36,33,19,24,D
579,>60,Female,Intermediate,32,9,23,70,61,31,1,5,4,A,7,36,9,14,13,R
580,>60,Male,Advanced,36,27,1,77,17,90,34,3,4,C,13,33,4,4,22,D
581,31-45,Female,Advanced,16,6,13,100,66,75,16,5,4,C,17,30,32,7,9,D
582,18-30,Female,Beginner,36,14,10,94,71,28,2,9,1,B,7,32,23,10,23,R
583,18-30,Male,Advanced,40,20,25,88,69,82,30,7,3,A,3,18,8,8,6,D
584,18-30,Female,Intermediate,11,15,14,43,46,95,1,0,2,A,17,9,20,20,5,R
585,>60,Female,Advanced,40,24,12,16,91,5,43,10,3,A,6,4,46,11,3,R
586,<18,Male,Beginner,18,20,19,64,73,19,25,2,4,C,18,12,22,16,23,R
587,<18,Male,Advanced,39,10,25,22,96,63,38,3,2,B,12,33,18,13,27,R
588,31-45,Male,Intermediate,1,29,8,19,35,72,22,4,3,C,8,23,21,10,13,D
589,>60,Female,Intermediate,32,4,14,27,47,64,63,0,4,B,16,31,2,12,26,R
590,<18,Male,Intermediate,45,0,9,21,87,75,28,10,3,C,2,23,25,10,8,R
591,46-60,Female,Advanced,40,28,2,95,29,61,44,10,2,C,2,20,38,6,27,D
592,46-60,Female,Beginner,38,1,8,59,6,59,27,5,1,A,3,16,41,15,8,R
593,46-60,Male,Advanced,38,7,4,95,18,57,68,10,4,B,3,18,28,13,2,D
594,31-45,Female,Intermediate,31,5,10,22,97,5,7,4,3,A,3,23,27,3,16,R
595,31-45,Female,Beginner,46,22,5,58,78,77,15,10,0,C,17,36,43,6,24,D
596,46-60,Male,Advanced,29,4,22,68,33,31,90,8,4,A,6,21,45,11,24,R
597,31-45,Male,Intermediate,50,27,15,84,57,58,2,3,2,A,9,21,28,19,0,D
598,46-60,Female,Advanced,1,0,19,86,88,34,6,5,3,C,3,2,33,18,15,D
599,>60,Female,Intermediate,0,3,11,14,42,32,25,4,3,A,9,33,35,8,0,R
600,<18,Male,Intermediate,34,3,2,28,38,57,14,7,2,A,1,25,36,5,7,D
601,<18,Male,Intermediate,29,8,10,68,30,30,6,9,2,B,6,3,47,18,13,R
602,>60,Female,Advanced,18,29,23,79,46,53,66,1,3,B,15,33,49,17,24,R
603,46-60,Male,Intermediate,18,25,4,33,73,45,42,4,2,B,8,9,34,8,11,D
604,>60,Female,Beginner,45,30,23,47,26,59,34,0,4,C,18,33,29,14,5,D
605,31-45,Male,Advanced,7,13,15,95,12,29,25,4,3,A,4,3,40,18,7,D
606,18-30,Female,Beginner,50,20,9,28,32,39,88,4,2,A,3,6,15,7,5,D
607,>60,Female,Intermediate,36,26,22,84,62,72,19,8,4,B,16,22,45,9,27,R
608,18-30,Male,Advanced,11,10,12,92,67,55,49,5,1,A,15,22,18,8,26,R
609,31-45,Male,Intermediate,33,19,2,73,43,12,78,10,3,A,9,7,16,12,5,R
610,<18,Female,Beginner,36,14,14,28,33,12,36,9,2,A,12,35,42,13,8,R
611,>60,Male,Advanced,31,24,24,46,67,9,78,6,3,B,5,23,22,6,14,D
612,31-45,Female,Advanced,17,12,15,17,8,80,71,8,4,B,15,28,11,10,30,D
613,>60,Female,Beginner,44,2,8,46,30,4,47,7,1,C,16,7,30,8,1,R
614,<18,Male,Intermediate,18,9,7,74,35,58,97,2,4,C,17,3,6,3,11,D
615,18-30,Female,Beginner,1,12,18,59,38,72,75,3,1,C,14,9,26,16,2,R
616,31-45,Male,Beginner,10,14,6,41,17,99,67,5,3,A,15,25,16,20,25,D
617,>60,Female,Beginner,12,16,21,82,34,100,72,8,2,C,3,27,11,12,0,R
618,>60,Female,Beginner,50,26,10,33,95,80,5,3,0,B,1,21,35,7,7,R
619,>60,Male,Intermediate,0,12,13,59,40,80,69,10,3,A,4,32,5,3,5,R
620,>60,Female,Beginner,31,8,11,60,15,65,82,8,0,A,15,11,8,0,9,D
621,18-30,Female,Beginner,44,14,7,93,4,61,91,10,3,B,14,3,30,2,1,R
622,46-60,Female,Advanced,14,11,14,50,61,34,44,4,0,A,1,13,13,2,8,D
623,31-45,Female,Intermediate,26,3,3,95,29,51,42,6,0,C,1,13,23,20,30,R
624,18-30,Female,Intermediate,43,8,14,36,38,68,88,4,3,C,5,7,9,19,22,R
625,<18,Female,Intermediate,13,29,5,26,28,70,15,6,0,C,14,24,33,6,24,R
626,<18,Female,Beginner,50,12,5,74,69,93,44,8,1,C,7,25,13,14,28,R
627,31-45,Female,Advanced,30,11,11,32,96,18,36,7,4,A,6,14,21,11,16,R
628,<18,Female,Intermediate,50,19,1,88,38,85,9,0,2,B,7,22,21,12,19,D
629,46-60,Male,Intermediate,32,29,3,37,79,52,0,8,2,A,15,33,40,17,29,D
630,>60,Female,Beginner,42,28,18,87,99,39,10,5,0,C,9,8,0,11,14,D
631,46-60,Male,Beginner,20,1,7,86,53,24,55,4,4,C,16,35,10,7,17,D
632,31-45,Male,Beginner,12,12,19,70,25,9,66,1,0,C,15,28,30,19,18,R
633,<18,Female,Advanced,8,1,7,20,20,30,0,9,1,C,14,5,29,17,19,D
634,>60,Male,Beginner,17,18,23,52,83,96,68,7,0,A,17,7,38,19,23,D
635,31-45,Female,Beginner,6,27,18,8,77,5,29,7,4,A,2,18,32,17,3,D
636,46-60,Male,Intermediate,23,13,3,69,14,98,79,2,4,A,17,15,33,20,22,R
637,<18,Female,Beginner,33,4,5,54,12,7,72,9,1,A,7,3,13,8,22,R
638,>60,Female,Beginner,32,0,18,53,33,68,66,1,1,B,2,24,32,20,14,R
639,<18,Male,Beginner,37,5,9,35,18,14,69,6,2,A,11,23,5,15,24,R
640,18-30,Female,Beginner,32,27,16,26,9,50,2,10,3,B,4,17,1,0,24,D
641,<18,Female,Advanced,22,22,24,53,21,63,67,5,4,B,6,22,45,13,22,D
642,46-60,Male,Advanced,5,15,2,80,9,17,30,1,3,B,5,27,19,4,16,R
643,31-45,Female,Beginner,3,23,24,57,5,21,37,10,2,C,2,14,15,4,18,D
644,18-30,Male,Intermediate,26,11,25,98,58,56,72,5,4,C,16,8,15,20,13,D
645,31-45,Female,Intermediate,32,4,5,68,100,43,0,3,4,C,1,4,11,20,21,D
646,18-30,Female,Advanced,18,28,9,45,93,0,82,8,4,B,0,8,42,20,15,R
647,>60,Male,Intermediate,42,12,4,41,39,51,88,0,0,A,5,28,0,17,1,R
648,46-60,Female,Beginner,34,19,11,19,87,77,75,9,2,A,8,28,9,4,21,D
649,31-45,Female,Intermediate,2,7,12,12,70,64,69,0,4,C,7,11,25,3,29,D
650,18-30,Female,Advanced,49,24,20,33,93,43,28,7,4,B,4,31,37,9,3,R
651,46-60,Female,Beginner,37,12,3,39,79,93,57,10,0,A,2,0,30,6,0,R
652,46-60,Female,Beginner,42,16,3,95,34,15,86,7,3,B,0,2,25,0,13,R
653,46-60,Male,Intermediate,36,0,6,9,36,14,60,5,4,B,11,25,1,1,15,R
654,31-45,Male,Beginner,26,7,21,98,27,75,57,7,1,B,17,24,31,16,7,R
655,18-30,Male,Beginner,45,18,2,81,23,0,77,7,4,B,15,23,26,15,24,R
656,31-45,Male,Advanced,9,8,2,27,29,88,74,1,3,A,9,29,49,13,6,R
657,46-60,Male,Advanced,5,5,23,23,55,11,88,10,3,B,13,6,40,13,10,R
658,18-30,Female,Intermediate,11,13,2,22,1,68,23,2,0,A,14,13,18,13,8,R
659,18-30,Male,Beginner,23,2,16,86,12,54,30,9,3,C,7,16,7,0,6,D
660,31-45,Female,Intermediate,0,23,20,87,20,55,64,6,4,B,5,3,24,14,18,R
661,>60,Male,Beginner,34,16,5,30,72,10,43,2,4,C,1,33,37,20,17,R
662,46-60,Male,Beginner,6,26,15,78,93,30,45,4,1,C,16,3,7,12,25,R
663,<18,Male,Advanced,5,26,2,58,18,66,52,10,3,C,4,1,25,16,0,D
664,<18,Female,Advanced,37,20,12,89,18,10,66,8,0,A,14,2,36,7,1,D
665,46-60,Male,Beginner,13,29,22,50,98,12,51,8,1,B,11,27,35,6,4,D
666,18-30,Female,Advanced,42,12,21,1,94,51,76,1,1,A,0,17,14,2,7,R
667,18-30,Female,Advanced,30,10,3,4,90,66,35,6,0,B,9,27,33,14,2,R
668,<18,Male,Beginner,25,14,21,39,76,6,99,5,3,B,1,30,18,8,16,D
669,31-45,Male,Beginner,31,6,4,30,51,90,37,9,1,B,1,13,39,13,9,R
670,31-45,Male,Intermediate,39,18,21,88,98,17,38,8,2,C,8,34,40,3,30,R
671,>60,Female,Intermediate,34,18,3,21,75,57,45,2,0,C,18,28,15,7,11,D
672,31-45,Male,Intermediate,9,9,19,21,58,64,77,3,0,C,4,36,19,13,17,D
673,>60,Female,Advanced,0,22,0,44,26,18,13,1,4,C,0,11,39,11,11,R
674,18-30,Female,Beginner,2,30,24,95,75,27,51,8,1,A,17,28,8,13,30,R
675,18-30,Female,Intermediate,21,15,9,52,8,86,33,4,1,C,15,36,28,7,25,R
676,>60,Female,Beginner,32,8,15,76,71,19,39,2,2,B,13,13,26,6,7,D
677,18-30,Female,Intermediate,30,21,10,45,86,40,81,3,4,B,6,19,46,20,18,R
678,<18,Male,Beginner,16,11,13,74,39,19,18,0,1,C,17,10,42,16,19,R
679,<18,Male,Intermediate,36,30,4,51,21,42,35,5,1,A,11,2,18,18,6,R
680,18-30,Female,Intermediate,35,1,0,51,50,5,55,7,1,A,3,5,48,5,9,D
681,<18,Male,Advanced,0,10,20,5,64,64,80,4,1,B,18,31,42,14,1,D
682,31-45,Female,Advanced,40,12,11,66,67,29,49,2,2,A,12,20,24,19,2,R
683,46-60,Female,Beginner,20,28,23,50,14,60,51,2,4,C,13,35,13,7,17,D
684,46-60,Female,Beginner,32,24,4,97,21,99,65,9,2,A,3,22,26,5,25,R
685,18-30,Male,Intermediate,13,18,15,67,33,78,28,10,2,C,4,4,32,5,4,R
686,>60,Female,Beginner,20,13,1,8,69,68,18,7,2,C,8,22,35,16,30,D
687,31-45,Female,Intermediate,0,8,6,93,99,29,16,0,3,C,9,30,43,9,10,R
688,46-60,Female,Advanced,27,18,21,6,34,16,65,6,2,C,17,32,40,17,18,R
689,>60,Male,Advanced,38,9,25,5,72,39,43,4,3,C,12,32,23,18,8,D
690,<18,Male,Beginner,6,17,19,91,60,37,33,7,3,B,18,17,30,16,11,R
691,46-60,Male,Advanced,15,14,9,72,75,12,90,7,4,C,0,11,3,6,20,D
692,>60,Male,Intermediate,18,27,7,44,99,92,47,5,1,B,4,27,33,4,20,R
693,<18,Female,Intermediate,38,20,10,93,87,77,0,6,1,A,16,8,36,2,2,D
694,46-60,Male,Advanced,49,12,25,62,60,96,2,1,3,A,1,17,36,19,18,D
695,31-45,Female,Intermediate,10,15,10,86,91,80,47,2,4,C,15,33,13,12,27,R
696,18-30,Male,Advanced,44,6,13,42,89,19,37,2,3,A,13,1,28,3,11,R
697,31-45,Female,Advanced,2,29,6,80,55,8,6,3,1,B,10,8,35,12,8,R
698,18-30,Male,Beginner,32,24,17,47,94,63,21,6,2,C,6,9,19,19,30,D
699,31-45,Female,Advanced,24,4,6,6,77,38,52,1,3,A,12,36,11,0,19,D
700,46-60,Male,Beginner,37,12,17,48,69,43,29,5,0,C,12,30,37,5,1,D
701,<18,Male,Advanced,31,3,16,94,52,57,86,8,1,B,1,34,38,13,20,D
702,46-60,Female,Beginner,6,21,4,2,98,1,52,1,1,A,17,21,31,13,7,D
703,>60,Male,Intermediate,23,2,24,85,38,29,98,5,2,C,7,28,29,14,8,R
704,>60,Female,Advanced,12,26,5,95,72,70,44,10,3,C,13,4,4,6,23,D
705,>60,Male,Advanced,42,4,21,31,19,88,98,10,4,B,10,9,8,20,7,D
706,>60,Female,Beginner,30,5,14,13,49,77,42,1,4,C,10,6,39,3,19,R
707,<18,Female,Beginner,42,26,9,79,69,54,49,3,1,A,13,34,45,13,16,D
708,>60,Female,Intermediate,7,16,21,80,51,31,48,7,0,B,8,2,36,5,12,D
709,31-45,Male,Beginner,45,14,12,21,79,56,20,9,0,B,5,33,9,10,16,R
710,31-45,Female,Beginner,6,28,21,2,82,49,36,2,2,A,0,29,12,0,27,R
711,>60,Female,Intermediate,41,18,12,40,40,78,78,9,1,A,0,33,45,16,8,R
712,>60,Female,Beginner,19,4,17,49,88,34,20,9,2,B,9,7,3,17,21,R
713,>60,Female,Beginner,5,6,8,54,58,82,59,2,3,B,1,13,17,19,26,R
714,<18,Male,Advanced,4,11,14,67,59,52,54,2,4,B,14,34,6,12,13,D
715,46-60,Female,Advanced,42,19,20,3,18,40,87,3,4,B,11,11,7,8,20,D
716,46-60,Female,Intermediate,26,7,19,62,45,26,25,1,3,A,15,13,39,10,28,R
717,31-45,Female,Intermediate,38,10,0,80,96,56,62,1,2,B,17,10,19,19,24,R
718,31-45,Male,Beginner,43,27,19,90,50,84,67,9,0,B,8,6,17,15,10,D
719,18-30,Male,Beginner,37,17,23,14,76,0,5,3,1,B,3,6,37,19,20,D
720,46-60,Female,Beginner,18,2,9,1,99,90,60,1,3,C,8,32,12,3,15,D
721,46-60,Male,Beginner,1,7,16,16,11,88,22,3,0,B,15,36,0,0,20,D
722,>60,Female,Advanced,30,2,1,0,61,59,34,10,4,B,1,29,42,13,27,R
723,<18,Male,Beginner,17,7,5,36,87,49,29,4,1,C,3,5,15,17,0,D
724,46-60,Male,Advanced,26,6,19,54,48,81,93,10,2,B,9,23,44,7,27,D
725,18-30,Male,Advanced,37,16,3,39,85,22,25,0,0,A,6,18,36,2,30,R
726,18-30,Female,Beginner,7,27,16,95,57,53,78,10,1,C,17,9,17,16,27,D
727,18-30,Male,Beginner,50,4,23,39,73,54,24,8,0,C,3,3,24,15,5,R
728,18-30,Female,Advanced,31,10,16,42,32,89,15,7,4,A,6,9,32,6,20,D
729,31-45,Female,Advanced,9,8,1,29,52,52,41,1,4,A,2,35,3,11,19,R
730,31-45,Male,Advanced,41,27,6,20,80,35,34,0,2,C,5,10,10,8,30,D
731,18-30,Male,Beginner,6,30,12,19,82,45,66,9,4,A,5,26,47,18,9,R
732,31-45,Female,Advanced,41,1,24,6,6,10,46,5,0,B,14,10,42,15,25,R
733,18-30,Female,Intermediate,50,30,22,1,56,20,16,9,3,C,6,30,25,9,28,D
734,46-60,Female,Advanced,40,15,12,36,36,66,73,8,2,C,10,33,25,3,23,R
735,<18,Male,Intermediate,34,21,23,66,72,16,59,10,1,C,4,29,24,7,18,R
736,<18,Female,Intermediate,34,29,0,96,20,46,28,1,0,A,5,32,37,11,18,R
737,46-60,Female,Advanced,33,10,18,28,7,80,70,5,3,A,14,34,27,4,3,R
738,<18,Female,Beginner,44,23,0,12,54,22,12,3,3,B,2,14,33,7,0,R
739,46-60,Male,Beginner,14,0,18,1,21,30,76,3,2,C,16,36,13,3,2,R
740,46-60,Male,Beginner,17,7,2,33,26,94,47,6,3,A,3,26,16,1,21,R
741,46-60,Male,Advanced,15,30,0,34,42,20,5,8,2,C,7,21,27,20,8,R
742,<18,Male,Beginner,31,1,17,88,48,17,82,2,1,A,8,26,9,8,26,D
743,<18,Female,Intermediate,42,29,24,77,42,88,53,2,3,B,18,1,41,4,12,R
744,18-30,Female,Beginner,25,21,9,92,69,91,47,2,4,A,1,5,37,3,26,D
745,18-30,Female,Beginner,2,6,12,69,67,17,59,8,1,B,10,5,17,11,7,D
746,46-60,Male,Advanced,38,6,2,89,14,76,21,9,4,B,7,31,9,10,20,R
747,31-45,Female,Advanced,24,4,12,96,89,43,41,9,1,A,18,23,12,0,15,R
748,31-45,Male,Intermediate,2,23,17,8,84,87,14,6,0,C,2,3,37,13,0,R
749,46-60,Female,Advanced,9,16,21,78,30,82,90,6,1,B,3,34,3,2,14,R
750,>60,Female,Intermediate,29,24,22,10,11,35,90,7,2,B,12,26,24,0,19,R
751,46-60,Male,Intermediate,22,3,21,53,14,95,53,7,3,A,9,12,20,10,22,D
752,<18,Male,Intermediate,32,24,14,24,99,70,40,10,3,C,0,19,1,15,20,R
753,18-30,Female,Advanced,41,19,15,54,78,71,29,7,4,A,13,18,44,16,25,D
754,>60,Male,Advanced,46,1,2,69,73,56,7,9,0,C,8,2,13,15,18,R
755,31-45,Male,Advanced,4,4,9,18,33,12,23,7,3,B,15,29,26,0,17,R
756,<18,Male,Intermediate,35,22,11,33,20,98,95,4,1,B,14,26,34,13,16,R
757,>60,Male,Beginner,21,19,9,95,41,27,10,8,4,C,7,2,37,14,9,R
758,<18,Female,Beginner,40,1,8,81,91,37,75,8,2,A,17,9,0,5,9,R
759,18-30,Male,Intermediate,0,30,21,52,49,55,66,2,2,B,18,22,5,17,13,R
760,31-45,Female,Beginner,41,0,5,18,23,15,28,1,3,A,5,25,22,4,14,D
761,<18,Female,Intermediate,37,14,1,15,26,26,63,1,4,B,14,35,32,2,23,R
762,>60,Male,Advanced,8,24,7,93,38,47,58,10,4,C,11,27,12,2,11,R
763,46-60,Male,Beginner,8,25,7,53,58,74,12,7,1,A,10,4,26,0,30,R
764,<18,Male,Advanced,6,14,10,80,93,66,37,2,2,B,14,7,34,17,1,R
765,<18,Male,Advanced,24,30,6,0,85,78,7,6,1,B,12,36,23,4,10,R
766,46-60,Female,Beginner,21,12,12,32,37,1,9,2,0,C,8,10,36,6,9,D
767,>60,Female,Intermediate,2,28,13,11,6,66,72,3,2,A,1,32,40,20,4,R
768,31-45,Female,Advanced,45,28,17,87,92,62,15,10,4,A,1,34,2,14,27,D
769,>60,Male,Intermediate,17,1,11,7,44,93,89,0,4,B,17,30,26,15,14,D
770,46-60,Male,Intermediate,28,4,25,10,21,35,16,2,1,C,6,34,20,6,25,D
771,18-30,Female,Intermediate,42,30,20,6,45,74,34,5,0,C,9,19,46,11,17,R
772,46-60,Female,Advanced,47,13,16,48,45,58,85,6,1,A,15,7,35,10,15,R
773,18-30,Female,Beginner,14,20,22,16,72,36,95,8,0,B,9,3,11,19,28,D
774,46-60,Male,Intermediate,15,15,8,54,60,83,12,0,0,A,3,30,40,14,29,D
775,31-45,Male,Advanced,34,10,12,97,86,52,68,6,3,C,10,2,47,18,15,D
776,46-60,Female,Intermediate,9,29,14,4,73,97,82,0,4,C,5,20,33,8,0,R
777,31-45,Female,Advanced,11,19,0,63,61,0,42,3,2,A,5,15,47,9,20,D
778,<18,Male,Intermediate,15,2,23,39,52,81,46,4,1,B,1,5,8,9,22,R
779,<18,Female,Intermediate,12,26,12,44,96,34,25,6,4,B,14,18,41,17,9,R
780,31-45,Male,Advanced,12,22,23,37,79,15,52,5,1,C,7,5,41,10,11,D
781,<18,Male,Advanced,29,15,12,60,58,34,59,7,2,A,9,35,32,20,26,D
782,<18,Male,Advanced,20,20,25,7,34,54,38,8,4,C,14,28,4,6,22,D
783,>60,Female,Beginner,47,25,10,58,10,20,79,3,1,C,14,13,41,15,15,D
784,31-45,Male,Beginner,34,27,17,71,17,16,80,4,4,C,8,28,16,8,13,D
785,18-30,Female,Intermediate,18,15,9,68,15,20,7,4,3,A,11,19,40,18,27,D
786,>60,Female,Intermediate,5,25,24,29,31,25,32,6,1,A,6,10,4,7,9,D
787,31-45,Male,Advanced,31,20,18,71,58,66,26,9,1,A,6,4,26,12,30,R
788,31-45,Male,Intermediate,40,2,3,56,46,82,94,7,1,A,6,32,35,6,14,D
789,>60,Male,Advanced,48,29,15,90,93,53,51,8,2,B,7,31,11,8,27,R
790,18-30,Female,Advanced,39,11,10,11,32,88,100,6,3,B,0,33,38,1,17,D
791,>60,Male,Advanced,1,4,9,7,35,11,75,0,1,A,3,28,22,10,13,R
792,46-60,Male,Intermediate,15,12,5,20,78,55,48,6,4,B,4,14,24,14,6,D
793,18-30,Female,Beginner,4,2,13,80,71,77,91,7,4,B,7,20,46,5,23,R
794,31-45,Female,Advanced,3,3,14,55,36,75,73,9,2,C,9,6,7,18,8,D
795,18-30,Female,Intermediate,20,12,14,40,74,59,72,8,2,A,13,10,20,6,30,D
796,<18,Female,Beginner,5,30,19,84,89,69,64,5,3,A,5,26,38,15,4,R
797,46-60,Female,Advanced,46,22,4,70,51,72,21,9,4,B,18,21,33,17,9,R
798,>60,Female,Intermediate,26,14,9,0,63,54,97,1,3,A,9,9,28,13,16,R
799,18-30,Male,Advanced,23,29,2,92,45,38,6,10,0,A,7,9,41,2,5,R
800,18-30,Male,Intermediate,19,25,5,3,32,74,49,10,2,B,7,1,43,0,13,D
801,>60,Female,Advanced,22,5,21,24,96,67,0,5,1,A,12,27,6,19,25,D
802,18-30,Male,Advanced,42,24,17,7,22,65,41,10,3,C,16,24,18,12,1,R
803,31-45,Female,Advanced,45,29,25,25,36,79,72,3,0,C,1,4,13,13,2,D
804,<18,Female,Intermediate,41,9,14,78,19,59,69,9,2,B,11,34,1,7,12,R
805,18-30,Female,Beginner,10,8,16,16,80,37,10,2,0,C,4,1,3,2,3,R
806,<18,Male,Intermediate,24,24,19,83,96,76,20,8,2,B,2,4,40,2,18,D
807,31-45,Male,Intermediate,9,0,3,78,48,9,9,9,0,A,7,30,26,3,2,R
808,18-30,Female,Advanced,17,24,18,68,45,63,8,7,4,C,10,8,39,5,18,D
809,>60,Female,Beginner,10,18,9,55,70,67,22,6,4,C,0,14,36,6,22,D
810,<18,Female,Intermediate,50,30,17,31,68,74,99,7,1,B,2,31,7,8,19,R
811,>60,Female,Intermediate,23,2,14,28,80,0,96,7,0,C,14,30,4,8,25,D
812,18-30,Female,Beginner,20,3,22,7,99,56,23,8,0,C,16,17,30,20,1,D
813,>60,Female,Intermediate,31,24,6,67,70,64,37,3,3,B,13,17,17,20,30,R
814,<18,Female,Intermediate,23,25,3,14,45,16,44,9,1,B,2,22,36,18,30,D
815,18-30,Male,Beginner,40,24,0,85,59,66,72,10,0,B,17,13,17,1,23,R
816,31-45,Male,Advanced,20,21,14,8,16,64,70,3,0,A,13,13,49,12,24,R
817,31-45,Male,Beginner,42,4,21,67,62,65,91,10,4,C,2,20,46,5,21,R
818,<18,Female,Advanced,41,23,5,60,98,73,92,10,1,B,13,30,4,16,8,R
819,>60,Male,Advanced,7,0,14,78,79,93,25,4,0,C,16,35,14,8,10,R
820,<18,Male,Intermediate,20,21,12,36,97,3,86,10,4,A,0,36,34,16,17,D
821,46-60,Female,Beginner,23,10,12,48,18,93,43,0,3,B,14,22,0,8,28,D
822,18-30,Female,Advanced,17,23,14,65,18,6,20,10,2,B,14,33,27,0,4,D
823,<18,Female,Intermediate,38,12,23,64,27,48,70,6,4,C,14,25,46,12,27,R
824,46-60,Male,Advanced,10,15,23,39,18,21,34,0,2,A,18,9,26,14,19,D
825,<18,Female,Intermediate,49,10,23,92,65,17,98,0,3,A,7,34,11,20,2,R
826,18-30,Male,Advanced,20,9,12,69,90,43,57,10,4,C,16,18,29,6,28,R
827,31-45,Female,Intermediate,30,25,14,9,15,53,12,6,2,B,3,1,19,15,28,D
828,18-30,Male,Intermediate,50,4,24,41,92,36,2,9,2,B,18,24,42,10,28,D
829,46-60,Male,Advanced,34,27,20,31,23,48,37,6,2,B,6,33,16,11,26,D
830,>60,Male,Beginner,23,30,4,59,54,100,90,10,3,A,6,22,44,20,7,D
831,>60,Male,Intermediate,14,8,24,4,75,91,85,5,4,C,11,10,25,17,9,D
832,<18,Female,Beginner,27,24,11,20,5,47,6,3,3,B,10,26,7,12,14,D
833,46-60,Female,Advanced,37,17,5,77,51,65,67,1,2,A,16,18,12,2,27,D
834,18-30,Male,Beginner,37,15,19,99,19,26,77,1,0,A,5,15,1,8,15,D
835,46-60,Male,Advanced,45,29,7,6,21,9,61,2,4,C,1,14,30,12,12,D
836,46-60,Female,Advanced,13,8,7,23,98,7,28,9,4,B,4,13,0,12,27,D
837,>60,Female,Advanced,12,30,9,57,56,41,26,8,2,A,12,30,42,4,7,R
838,>60,Male,Beginner,4,4,13,18,73,74,51,8,4,A,13,24,29,11,6,D
839,>60,Male,Beginner,49,11,8,46,21,25,82,0,3,C,11,29,2,18,22,D
840,46-60,Male,Advanced,16,13,25,92,71,27,47,5,0,B,3,11,36,0,16,D
841,31-45,Male,Beginner,11,30,12,85,13,35,41,1,2,A,17,30,35,20,7,R
842,46-60,Male,Intermediate,0,29,23,21,30,49,33,2,2,B,6,0,34,10,14,R
843,46-60,Male,Intermediate,4,27,1,41,37,3,82,2,1,B,6,28,1,17,12,D
844,46-60,Male,Intermediate,13,18,8,69,26,79,71,1,4,A,6,25,38,7,18,D
845,<18,Female,Beginner,6,16,19,96,42,39,25,2,0,B,16,30,15,18,23,D
846,31-45,Female,Beginner,39,29,22,4,11,99,73,8,0,A,5,4,14,14,0,D
847,>60,Female,Beginner,38,28,18,17,44,98,13,7,4,C,3,0,30,6,16,D
848,31-45,Female,Beginner,39,19,19,100,43,23,92,3,1,B,18,23,0,18,23,R
849,>60,Male,Beginner,26,18,8,47,23,19,73,6,1,A,11,15,39,4,23,R
850,<18,Female,Intermediate,4,25,4,67,55,91,75,2,4,B,1,26,41,15,24,D
851,>60,Male,Advanced,13,28,3,18,15,29,62,7,0,A,9,33,24,8,14,R
852,>60,Male,Advanced,28,8,20,75,73,59,64,8,3,C,10,30,12,15,21,D
853,46-60,Female,Advanced,7,2,25,21,37,67,30,2,3,C,10,3,1,10,7,R
854,31-45,Female,Advanced,32,0,7,49,88,79,81,7,4,B,6,21,1,15,5,R
855,18-30,Male,Advanced,41,24,19,67,2,81,3,8,2,B,5,26,23,14,21,D
856,31-45,Female,Beginner,22,6,15,70,48,16,6,2,4,C,13,23,1,11,0,R
857,18-30,Female,Advanced,2,6,16,24,14,64,68,10,4,B,2,17,4,3,20,R
858,46-60,Female,Beginner,8,12,8,97,83,5,78,8,2,A,11,4,34,16,10,R
859,46-60,Female,Advanced,10,25,19,6,91,80,3,9,3,A,17,34,37,3,20,D
860,>60,Male,Beginner,9,8,9,62,17,91,93,4,1,A,0,17,19,6,27,D
861,18-30,Female,Advanced,18,21,25,7,70,81,10,5,4,C,6,10,8,4,17,R
862,<18,Male,Beginner,7,17,24,71,24,83,51,4,2,A,14,10,39,3,17,R
863,18-30,Male,Intermediate,42,30,19,50,39,86,65,2,2,C,7,13,48,3,5,D
864,46-60,Male,Beginner,14,17,21,39,88,62,80,1,4,A,1,5,50,7,23,R
865,31-45,Male,Intermediate,9,18,10,29,15,47,3,6,0,A,11,29,38,5,18,D
866,<18,Male,Intermediate,15,22,1,96,22,25,24,2,4,A,12,15,12,9,18,R
867,>60,Male,Intermediate,3,13,12,8,10,80,80,2,0,C,8,6,41,7,7,D
868,46-60,Female,Advanced,18,4,13,95,63,14,55,8,3,C,14,25,23,6,13,R
869,>60,Female,Beginner,45,26,2,30,8,43,100,6,4,B,6,26,17,14,25,R
870,>60,Female,Beginner,40,15,9,58,25,40,66,3,3,C,8,33,43,20,15,D
871,46-60,Female,Advanced,47,13,2,90,71,77,57,3,2,A,4,14,38,13,6,D
872,46-60,Female,Advanced,24,11,13,64,27,76,87,10,4,B,1,4,1,12,20,D
873,46-60,Male,Intermediate,44,29,23,84,86,48,39,8,4,A,11,3,15,6,5,R
874,>60,Female,Advanced,11,3,16,47,54,45,80,8,4,B,5,14,10,11,16,D
875,>60,Male,Beginner,0,23,6,93,47,45,25,4,0,C,8,2,25,13,16,D
876,46-60,Male,Beginner,14,21,21,28,6,9,54,0,4,B,6,10,4,2,16,D
877,31-45,Male,Advanced,48,3,17,19,25,9,94,9,0,B,2,29,40,10,11,D
878,31-45,Male,Advanced,3,12,6,23,72,28,16,2,2,A,1,25,32,0,28,R
879,>60,Female,Advanced,45,11,12,63,8,11,31,9,2,A,7,12,19,8,0,R
880,46-60,Female,Intermediate,31,0,11,17,86,23,69,8,1,A,7,5,32,5,0,D
881,46-60,Male,Beginner,13,22,21,17,74,73,9,7,2,C,15,8,13,13,22,R
882,<18,Male,Beginner,27,25,1,37,73,95,100,7,3,A,1,0,17,3,30,R
883,<18,Female,Beginner,7,15,8,95,72,91,84,9,2,C,17,22,49,3,1,R
884,>60,Male,Advanced,20,12,12,42,86,59,81,1,0,A,10,21,30,3,27,R
885,<18,Male,Intermediate,0,7,10,78,74,45,10,1,3,A,0,25,19,8,27,R
886,18-30,Female,Intermediate,22,16,25,52,99,9,78,10,2,A,8,0,10,8,11,D
887,31-45,Male,Advanced,7,16,5,15,55,58,75,8,3,C,14,29,45,8,30,R
888,<18,Male,Advanced,21,22,6,100,62,17,41,6,0,A,0,33,13,19,4,R
889,>60,Male,Intermediate,35,28,10,49,22,35,48,8,2,C,17,8,28,7,16,D
890,>60,Female,Advanced,34,16,25,24,73,98,20,2,0,B,9,0,45,19,23,R
891,<18,Female,Advanced,13,29,0,24,18,38,55,2,4,C,2,23,18,13,28,R
892,>60,Female,Advanced,48,24,21,95,84,23,94,3,2,C,6,33,50,6,5,R
893,46-60,Female,Beginner,4,0,18,18,34,39,7,3,2,A,12,27,22,17,24,R
894,<18,Female,Beginner,44,8,25,53,83,73,58,9,0,A,14,14,0,1,19,R
895,46-60,Female,Advanced,3,10,22,40,24,71,43,10,2,C,3,22,26,1,25,D
896,46-60,Male,Advanced,13,4,23,24,37,47,92,8,2,C,11,33,35,16,11,R
897,46-60,Male,Advanced,35,2,20,47,52,73,36,6,3,A,12,21,19,10,12,R
898,<18,Male,Advanced,13,8,16,63,58,49,26,0,0,A,1,11,31,6,27,R
899,<18,Female,Beginner,38,19,0,92,71,8,32,5,0,A,10,13,45,3,15,R
900,46-60,Male,Intermediate,16,12,3,37,71,88,1,9,0,B,15,14,7,8,9,D
901,46-60,Female,Advanced,44,14,23,42,56,85,69,5,2,A,6,21,6,7,17,D
902,<18,Male,Beginner,28,6,13,67,85,28,78,7,4,C,16,9,31,5,11,D
903,31-45,Male,Intermediate,33,20,15,32,51,37,15,3,2,B,11,29,49,2,0,D
904,>60,Male,Beginner,16,10,23,87,59,83,50,10,0,B,18,23,47,3,28,D
905,31-45,Male,Intermediate,1,13,18,99,72,29,35,2,1,A,11,33,1,1,2,D
906,18-30,Female,Intermediate,36,20,24,98,69,81,31,9,3,A,11,26,20,9,2,R
907,18-30,Female,Intermediate,41,8,7,1,6,93,27,10,4,C,18,18,2,20,15,D
908,46-60,Male,Intermediate,9,9,24,58,15,100,43,3,4,B,3,14,19,1,0,R
909,31-45,Female,Intermediate,22,25,9,11,93,46,3,0,1,B,13,6,46,5,22,R
910,31-45,Female,Intermediate,45,3,18,11,15,66,7,10,2,A,0,24,34,13,1,D
911,46-60,Female,Beginner,3,13,20,26,52,30,33,6,0,B,18,23,2,2,16,R
912,18-30,Male,Advanced,17,23,10,39,27,19,14,7,2,A,5,30,9,18,2,D
913,46-60,Female,Intermediate,22,27,13,93,50,72,81,4,1,C,11,14,8,4,5,R
914,<18,Male,Intermediate,2,14,23,28,86,16,61,10,0,A,3,13,40,20,10,R
915,18-30,Female,Advanced,19,10,7,23,66,34,48,1,2,A,14,22,12,6,7,R
916,<18,Male,Beginner,31,18,22,67,23,21,94,4,0,A,11,31,36,6,8,D
917,31-45,Male,Intermediate,5,2,12,29,74,86,53,4,3,A,11,18,22,5,30,R
918,18-30,Female,Intermediate,12,29,24,54,10,17,3,0,1,B,11,8,38,9,25,D
919,31-45,Female,Advanced,22,27,13,24,33,37,35,2,4,C,17,28,30,1,3,D
920,18-30,Male,Intermediate,35,19,16,78,97,41,6,1,0,B,9,6,35,19,17,R
921,18-30,Male,Intermediate,49,8,15,92,51,33,45,4,2,C,12,35,21,18,19,D
922,<18,Female,Beginner,48,3,2,73,32,90,91,5,1,A,6,2,40,18,1,R
923,46-60,Female,Beginner,6,2,12,38,45,67,78,7,2,A,2,21,15,14,24,D
924,46-60,Male,Intermediate,10,26,17,76,30,68,23,9,2,A,5,15,4,14,23,D
925,46-60,Male,Intermediate,49,1,2,43,54,7,69,6,3,A,9,25,4,19,5,R
926,46-60,Male,Beginner,50,18,2,36,55,31,17,0,1,C,0,13,42,5,11,R
927,<18,Female,Intermediate,2,6,21,3,32,61,70,0,3,C,10,3,28,6,30,R
928,31-45,Male,Beginner,5,20,20,66,47,28,81,7,0,C,12,16,33,2,8,D
929,18-30,Male,Beginner,14,6,8,66,98,91,69,6,2,B,4,12,50,13,28,D
930,<18,Male,Advanced,48,14,1,28,95,44,93,4,3,C,4,32,0,20,27,R
931,18-30,Female,Intermediate,18,10,16,8,27,53,79,6,3,A,13,4,43,6,21,D
932,31-45,Female,Beginner,23,28,14,13,99,97,83,7,3,C,14,9,39,7,0,R
933,<18,Female,Advanced,32,30,1,0,81,53,35,5,1,A,9,17,20,18,14,D
934,18-30,Female,Advanced,2,25,14,88,22,73,45,3,0,B,13,22,18,15,11,D
935,>60,Male,Intermediate,35,25,15,26,54,11,20,9,4,A,2,12,29,3,18,D
936,46-60,Female,Intermediate,48,8,2,61,31,94,62,8,4,B,2,21,43,16,0,D
937,18-30,Female,Beginner,45,17,12,94,73,13,41,9,1,A,8,29,17,2,29,R
938,>60,Female,Advanced,3,12,12,100,63,19,56,2,4,A,7,26,32,5,20,R
939,<18,Male,Beginner,39,30,20,38,90,42,0,7,2,B,7,31,33,4,27,D
940,46-60,Female,Advanced,21,5,2,89,51,41,22,10,1,A,16,35,15,13,18,D
941,<18,Male,Intermediate,24,16,15,4,31,68,50,5,3,B,5,21,31,0,3,R
942,31-45,Female,Advanced,2,22,6,67,57,71,55,5,0,C,18,0,39,7,30,R
943,31-45,Female,Beginner,40,6,1,60,6,17,89,2,2,C,9,16,39,3,12,D
944,<18,Female,Intermediate,14,0,18,65,16,26,32,4,3,B,9,5,3,20,12,R
945,18-30,Male,Intermediate,39,8,22,41,84,34,99,4,2,B,8,5,9,10,7,R
946,>60,Male,Intermediate,22,25,13,89,92,85,72,4,4,B,12,31,0,11,7,D
947,>60,Male,Beginner,1,8,17,31,42,11,79,4,4,B,4,12,40,11,12,D
948,>60,Male,Intermediate,22,11,15,33,24,36,92,3,3,B,9,19,9,2,22,R
949,46-60,Female,Beginner,8,6,12,19,22,89,94,2,3,C,3,34,25,11,2,R
950,18-30,Male,Intermediate,35,3,5,41,3,0,66,0,2,B,16,6,21,17,7,D
951,46-60,Male,Beginner,31,3,8,26,1,70,1,3,1,B,3,31,49,2,8,D
952,46-60,Female,Intermediate,34,24,15,34,47,92,23,0,2,A,13,3,9,15,9,R
953,>60,Male,Intermediate,18,22,13,16,66,98,12,8,2,B,7,26,50,8,6,D
954,>60,Male,Intermediate,15,19,12,44,41,32,82,0,2,A,18,11,4,2,3,R
955,<18,Female,Beginner,30,22,24,65,16,59,94,6,0,C,1,7,39,18,23,D
956,18-30,Male,Advanced,15,12,7,32,53,17,40,3,0,C,7,11,6,3,24,D
957,<18,Female,Advanced,24,0,3,43,40,56,10,3,1,C,14,15,50,8,7,R
958,<18,Female,Intermediate,14,24,4,3,31,27,94,8,3,C,8,16,34,4,18,D
959,46-60,Male,Advanced,39,5,10,77,33,14,51,3,4,C,14,29,19,9,1,R
960,46-60,Female,Beginner,37,14,24,59,11,80,80,3,1,A,11,28,9,11,2,R
961,18-30,Male,Intermediate,50,4,6,37,98,46,71,3,2,C,1,36,46,17,26,D
962,>60,Female,Intermediate,49,27,7,18,40,60,38,10,0,C,6,20,32,16,20,R
963,18-30,Female,Advanced,43,9,22,60,18,82,36,7,0,A,9,14,19,16,11,D
964,31-45,Female,Advanced,47,10,7,12,0,65,7,4,3,C,18,24,7,18,19,D
965,>60,Male,Beginner,50,3,24,56,57,81,64,7,3,B,6,32,16,6,8,R
966,>60,Male,Advanced,42,11,5,91,65,5,40,0,4,C,9,2,18,8,27,D
967,31-45,Male,Intermediate,34,21,21,33,67,69,45,5,4,A,15,19,47,9,30,R
968,31-45,Male,Advanced,1,24,22,42,65,5,77,0,1,A,6,25,21,16,3,D
969,46-60,Female,Advanced,13,27,3,18,72,98,64,1,4,C,0,5,19,8,8,D
970,31-45,Male,Beginner,24,9,11,1,3,37,16,7,2,A,0,26,9,14,9,D
971,31-45,Female,Beginner,22,25,18,86,59,36,47,1,3,B,2,27,17,2,12,D
972,31-45,Female,Beginner,31,30,20,77,54,22,68,0,1,C,5,10,22,10,0,D
973,18-30,Male,Advanced,29,1,3,70,42,31,53,4,3,B,8,24,34,17,21,D
974,<18,Male,Advanced,7,13,10,78,15,21,9,1,4,A,18,24,10,4,11,R
975,46-60,Male,Beginner,5,13,21,8,65,78,2,10,3,A,2,7,4,3,13,D
976,31-45,Female,Advanced,43,20,4,67,75,62,97,9,4,A,4,3,15,4,21,D
977,18-30,Female,Advanced,3,17,9,78,26,30,29,10,0,A,11,8,20,12,4,D
978,46-60,Male,Beginner,12,20,19,95,75,92,84,7,3,B,15,8,42,0,7,R
979,>60,Female,Advanced,44,28,17,45,84,55,84,8,0,C,16,10,39,18,24,R
980,<18,Female,Advanced,17,4,7,97,77,97,5,3,4,A,11,20,47,12,19,D
981,18-30,Female,Beginner,0,4,25,17,85,5,2,10,2,B,5,19,1,16,20,D
982,<18,Male,Beginner,3,2,19,58,48,92,71,1,0,A,6,5,15,20,7,D
983,<18,Female,Advanced,3,15,1,84,3,14,26,10,2,A,10,25,16,4,26,D
984,<18,Male,Advanced,16,12,13,26,89,79,8,10,1,C,1,32,14,6,28,R
985,46-60,Female,Advanced,28,3,2,0,40,4,55,6,1,A,0,28,7,15,14,R
986,18-30,Female,Advanced,35,18,24,86,24,62,68,2,2,B,7,34,48,10,13,D
987,>60,Male,Advanced,28,5,5,6,28,29,31,8,4,A,9,9,43,5,0,R
988,46-60,Female,Intermediate,46,5,8,34,82,15,18,2,0,A,9,15,16,16,18,R
989,>60,Female,Intermediate,45,27,3,38,39,13,64,1,4,C,8,5,25,3,15,R
990,18-30,Female,Advanced,39,26,7,82,43,30,99,0,1,A,17,24,43,9,3,D
991,18-30,Female,Advanced,23,27,5,24,45,95,36,4,3,B,8,23,38,13,18,D
992,31-45,Female,Intermediate,31,28,9,55,29,7,41,9,0,B,7,28,9,17,13,R
993,31-45,Female,Intermediate,39,11,1,60,7,94,8,8,4,A,4,5,31,14,1,D
994,31-45,Male,Intermediate,37,10,22,53,53,14,38,2,1,C,8,21,10,4,0,D
995,46-60,Male,Intermediate,41,26,24,92,1,32,63,0,4,C,6,32,9,0,5,D
996,18-30,Female,Advanced,24,19,1,1,82,30,53,4,3,B,5,2,18,5,6,D
997,<18,Female,Beginner,39,22,0,84,12,58,8,4,0,B,6,9,46,2,8,R
998,18-30,Female,Intermediate,40,8,11,58,37,91,86,1,4,A,17,10,47,8,4,R
999,>60,Male,Beginner,1,22,20,90,61,59,64,8,2,C,18,15,15,1,19,D
1000,31-45,Female,Intermediate,17,9,22,60,47,14,33,10,2,C,16,22,18,15,8,D
